2021-03-28,01:51:58,值得 進 電影院 支持 的 國片 ， 演員 們 都 很 棒 ！ ,L,37,93,5
2021-03-28,14:28:04,"真的 好看   灑狗血 劇情   百 看 不 厭 
 男女   主角 都 演 的 很 棒 ",Meng Yu,24,72,5
2021-03-28,17:37:13,男女 主角 演技 稱職 ， 通俗 愛情 劇拍 的 還 不 狗血 ， 導演 功力 還 不錯 ! 演 男 主爸 的 蔡辰南 演 的 也 到位 ! ,hank,94,55,3
2021-03-28,17:54:42,"真的 超 好看 , 有 笑點 有 淚點 每 個 演員 都 是 演技派 的 , 又 是 導演 第一 部 作品 當然 得 支持 , 呼籲 大家 多多 支持 國片 讓 好人才 出頭 ",hery,14,41,5
2021-03-28,19:11:45,感動到 不行 😭😭😭😭😭😭 ,Ting Wei,39,99,5
2021-03-28,19:18:05,哭 到 不行 ， 還 我 眼淚 來 啦 ！ 😭😭😭 ,sophia,61,139,5
2021-03-28,20:07:26,真心 覺得 好看 ! 感動 ! 面紙 真的 要 用到 ! 演員 都 是 實力派 ! ,金金夫人,23,57,5
2021-03-28,20:24:07,剛 開始 看 只 覺得 好笑 的 哽感覺 還 行 ~ 中 後段 才 發現 真的 滿 好看 的 ! ,慶,82,162,5
2021-03-28,21:11:55,又 笑 又 哭 的 好 電影 ， 劇情 精彩 細膩 ,鈿芷,40,103,5
2021-03-28,21:47:48,出乎意料 的 好看 . . . . 好 哭 好笑 ！ ！ ,wi,23,58,5
2021-03-29,00:49:06,雖然 可能 劇情 俗套 但 一樣 能 感動 人 ！ 看完 電影 後 再 去 聽 主題曲 看到 裡面 的 片段 還是 會 有點 想 哭😢 ,心芸,38,93,5
2021-03-29,23:04:50,超級 感人 的 ， 真的 很 值得 推薦 ～ 結尾 真是 哭慘 了 ～ ,Hui Hsiang,42,107,5
2021-03-30,01:44:19,近期 最 喜歡 的 一 部 國片 ， 好笑 好 哭 好 推 ,tiffany,23,59,5
2021-03-31,10:13:16,大家 好像 都 不 知道 這 是 翻拍 韓國 片😅😅😅 ,LINDA,85,59,4
2021-04-01,09:05:18,雖然 劇情 可以 很 輕易 的 猜到 ， 但 就是 因為 在 簡單 劇情線 中 才 能 更 顯得 演員 們 的 實力 演技 ， 開頭 笑 著 卻 哭 著 出 戲院 ！ ,育禎,25,62,5
2021-04-01,10:57:08,"看完 口碑場 ,   第一 次 來 留言 ,   邱澤 和 許瑋甯 的 演技 都 超鑽 ,   值得 進 戲院 看 的 國片 ! ",淋雨,33,84,5
2021-04-01,16:42:08,片名 看起來 很 不 怎樣 ， 但 進 戲院 看 、 淚腺 爆棚 。 ,世昕,23,53,5
2021-04-01,19:42:59,"大哭 特哭
 真的 很 好看 
 劇情 不 拖泥帶 水
 情緒 演技 到位   哭爆 我 的 眼🥲
 茄子蛋 ㄉ 兩 首 歌 也 是 好聽到 爆炸 ",顆顆顆,24,64,5
2021-04-01,19:57:25,很 好笑 又 很 好看   又 感人 的 故事 很 好笑 又 很 好看   又 感人 的 故事 ,wei,56,127,5
2021-04-01,20:16:18,拜託 大家 一定 要 支持 ！ 不 是 只有 愛情 故事 ， 親情 的 元素 和 情感 同樣 讓 人 在 電影院 哭 得 東倒西歪 ！ 邱澤 的 演技 非常 出色 ！ 啥款 ！ 愛情 ， 你 真的 比 想 的 更 概 偉大 ！ ,ㄚ土,30,72,5
2021-04-01,20:56:51,推 ！ 非常 好看 ！ 邱澤 和 許瑋甯 飆 演技 ， 細膩 真情 流露 ， 淚水 在 眼眶 裡 不停 打轉 … 請 支持 國片 ！ ,黃金鼠〞★,43,109,5
2021-04-01,22:50:30,好看   邱澤 演技 很 棒   值得 花錢 進 電影院 支持 ,1688,24,67,5
2021-04-01,23:10:10,真的 驚艷 到 我 ， 原本 是 抱 著 看 一般 國片 的 心情 去 看 ， 劇情 張力 超強 ， 不 拖泥帶水 ， 邱澤 跟 許瑋甯 演技 一樣 不會 讓 人 失望 ， 真的 是 一 部 很 棒 的 電影 👍🏻 ,皮,27,67,5
2021-04-02,07:09:51,邱澤 演技 真的 很 棒演 什麼 像 什麼 ， 茄子蛋 的 主題曲 實在 太 好聽 了 ,winnie,36,82,5
2021-04-02,12:18:33,還 好看 的 啦 ！ 最後 有 小 感動 ！ 雖然 大部份 的 戲 都 這樣 演 ， 呵呵 ,阿欽,59,147,5
2021-04-02,14:52:43,哭爆 的 電影 😢😢  推   真的 好看 🥲🥲 ,wei0623,73,162,5
2021-04-02,15:09:28,非常 非常 好看 ， 被 邱澤 的 演技 折服 ， 每 個 眼神 跟 肢體 語言 都 是 滿滿 的 情緒 ， 大推 ！ ！ ！ ,Megan,42,105,5
2021-04-02,22:30:22,絕無 冷場 ， 邱澤 演 的 真 好 ， 有 笑 有 淚 ， 眼淚 不用 醞釀 ， 自然 從 眼角 滑落 ， 不 痛苦 不需 聲嘶力竭 的 眼淚 ， 是 內心 深層 的 同感 ～ 後勁 很 強⋯ 看完 在 位子 上 坐 了 好 久 ， 但 也 看到 了 好 久 不 見 的 濃烈 真愛 ， 純真 的 深愛 。 邱澤 的 好多 表情 都 刻 在 心 底 了 ！ ,ytQQ,51,127,5
2021-04-03,01:03:00,故事 情節 既 好笑 又 感人 ， 大 推⋯ 眼淚 真的 流 不停 ,宜嫺,24,66,5
2021-04-03,02:42:01,很 好看 的 一 部 ， 好笑 又 感人 ， 值得 一 看 ,NONO,23,60,5
2021-04-03,12:31:57,感人 、 好笑 ， 男女 主角 都 很 用心 演出 ,力慈,25,63,5
2021-04-03,12:52:09,拍 的 很 細膩   而且 很 感動   又 好笑 很 推 很 喜歡 ,吳,24,66,5
2021-04-03,16:36:27,本部 除了 許瑋甯 很 正 以外   其他 真的 很 普通   有 一點 笑料   不過 戲劇 張力 過 弱 ,yyshiao,113,92,2
2021-04-03,20:25:14,"很 值得 去 電影院 支持 的 國片 
笑 中 帶 淚 阿 ! ",雨天的逐流,34,88,5
2021-04-03,22:32:18,就 鄉土劇 的 濃縮版 吧 ， 笑點 是 屎屁 尿 ， 衝突點 是 暴力 與 金錢 ； 人物 成長點 是 絕症 . . . 伏筆 跟 閃回 有點 突兀 ， 沒 啥 驚喜 ， 結局 想來 的 首尾 呼應 ， 可惜 醫院 部分 拍 得 太 出戲 了 。 ,年輕人,298,124,2
2021-04-03,23:12:07,"有 什麼 好看 的 , 抄 韓國 某 一 部 電影 的 劇情 , 沒 創意 , 別 以為 別人 都 不 知道 , 連 一 顆 星 都 不值 ",Keisuke Takahashi,230,217,1
2021-04-03,23:39:23,很 成功 的 國片 ， 讓 觀眾 可以 又 笑 又 哭 ！ 記得 帶 衛生紙 進 電影院 ！ ,無限,26,75,5
2021-04-04,01:36:02,本來 不 期待 會 有 多 好看 ； 純屬 看 男女 主角 ， 結果 意外 的 好看 ； 有 笑點 有 哭點 ， 邱澤 真的 越來越 會 演 。 ,阿憲,33,82,5
2021-04-04,04:03:16,歌 好聽   演員 演技 到位   劇情 雖 老套 但 故事 講 得 很 好 ,孔哥,19,53,5
2021-04-04,14:29:28,"近期 值得 一 看 的 國片 ！ 當然 要 支持 一 下
 啦 ",￥小青蛙￥,28,79,5
2021-04-04,17:11:33,好看 感人   演 的 細膩   男女 主角 都 演 的 很 好   尤其 邱澤 眼神 很 棒   值得 去 看 ,Oo,24,71,5
2021-04-04,17:19:27,劇情 張力 薄弱 ， 看完 只 覺得 許瑋甯 超衰 ,ting lun,302,113,1
2021-04-04,17:43:18,邱澤 跟 瑋甯 都 演 的 不錯 可惜 劇情 可以 再 細膩 一點 不過 我 打 90 分 😂👍 ,kidices,40,63,5
2021-04-04,19:10:00,！ ！ ！ ！ 這 部 可以 ！ 後面 都 在 哭 ～ 😭 ,Lai,26,69,5
2021-04-04,20:27:45,演員 都 很 會 演 ， 一切 都 很 好看 ， 好笑 又 好 哭 ！ ,Betsy,24,65,5
2021-04-04,21:12:27,演員 情感 細膩 ， 有 很多 感動 的 地方 ， 面紙 必須 準備好 ， 推 ！ ,Huahua,25,65,4
2021-04-04,21:19:53,"看 這 部 電影
 笑 著 笑 著 就 哭 了 
 雖然 劇情 偏 芭樂
 但 很 能 抒發 情緒 的 一 部 電影
 演員 也 把 角色 詮釋 得 很 好 ! ! 
 喜歡 ~ ",Anita,23,62,5
2021-04-04,21:23:28,劇情 緊湊 ， 角色 鮮明 、 沒有 冷場 ， 後面 爆哭 ， 另外 覺得 女主 有 淺力 當 看護 ,柏,26,71,5
2021-04-04,21:30:32,前面 好笑 後面 很 感人 ， 演員 都 演 的 很 好 ,言言,34,83,5
2021-04-04,21:46:53,"超級 無敵 好看 , 我 哭 了 半 個 小時 ， 情緒 一直 走 不 出來 ： ） 邱澤 本人 很 帥 ",憶蓉,27,75,5
2021-04-04,21:50:19,支持   讚 讚讚    邱澤   帥帥帥   到底 要 打 幾 個 字 才 可以 留言 啊 ,浩穎,31,79,5
2021-04-04,22:18:02,好看   邱澤 很 會 演 ， 無 冷場 好笑 又 感人 ！ 大推 優質 國片 😍😍😍 ,于凱,37,92,5
2021-04-05,00:42:59,從 頭 笑到 尾   有 哭 有 笑 無 冷場   情感 表達 恰到好處   大推拉 ,宇昕,38,97,5
2021-04-05,00:46:53,邱澤 很 會 演 ， 好笑 ， 又 感動 ， ， 感傷 忍不住 眼框 泛淚 ， 值得 一 看 ,阿彬,31,82,5
2021-04-05,00:57:16,好笑 又 感人 的 國片 ， 值得 進 電影院 觀賞 ,蘋果,40,92,4
2021-04-05,02:08:25,是 個 感人 的 愛情片 ， 但 也 參雜 很多 笑點 ， 或許 是 怕 大家 哭 得 太 慘 ！   推👍 ,阿凱,37,89,5
2021-04-05,02:19:03,被 邱澤 演技 圈粉 。 好笑 又 感人 的 國片 ， 貫穿 愛情 、 親情 、 人情 ， 值得 進院 觀賞 ！ ,Lingo,46,115,5
2021-04-05,09:49:13,超 好看 ！ 你 各 位 一定 要 看起來 好 ㄇ ！ ,H,32,93,5
2021-04-05,12:11:58,前面 甜甜 ， 後面 整 個 酸酸 ， 阿成 的 爸爸 從 家 裡 走出來 淋雨 那 幕 ， 整 個 爆哭 ,飄流物語,35,83,4
2021-04-05,17:12:57,劇情 普通 ， 但 全程 幾乎 台語 很 扣分 ,Justice,292,285,1
2021-04-05,17:50:55,"勇往直前 的 追愛
 細細 地 、 默默 地 流轉 的 親情 
 每 個 演員 、 每 段 小 細節 都 讓 人 動容 ",小紅,26,71,5
2021-04-05,20:02:04,前面 有 歡笑 後面 淚 狂奔 ~ 真的 很 好看 ♡ ,小君仔,20,58,5
2021-04-05,20:15:41,難得 的 一 部 好 國片 ， 看完 熱淚盈眶 。 真的 大推 ！ 邱澤 演技 真的 很 讚 ！ ,- Care,26,67,5
2021-04-05,20:47:29,充滿 後座力 的 電影   因為 細膩 的 溫暖   可以 二 刷 的 片 ！ ,盈,25,63,5
2021-04-05,21:58:18,真的 超好看 🥺🥺🥺🥺 大推 ,詩筠,25,68,5
2021-04-05,22:30:54,值得 一 看再看 的 好 電影 😭 推爆 爆👍👍👍 ,猩猩,20,64,5
2021-04-05,22:36:16,又 哭 又 笑 ， 演員 很 棒 ， 邱澤 真的 眼神 舉止 都 好強 ！ ,YU CHEN,25,70,5
2021-04-05,22:46:33,"笑笑哭哭 的 一 部 好 片 ！ ！ 
 真心 推薦 👍👍👍 ",布妞,20,61,5
2021-04-05,23:41:42,"一 開始 以 爲 是 喜劇片 ～ 結果 哭 爆 了 😭😭
 又 笑 又 哭 ～ ",Mika,27,75,5
2021-04-06,00:30:12,愛 你 99 . 隔壁 的 哭 到 無法 自我 . 真的 好看 ,蛋,26,65,5
2021-04-06,00:32:15,"邱澤 演技 好 到 另 一 個 境界 
 茄子 蛋 配樂 讚 到 無話可說 ",怡婷,33,85,5
2021-04-06,02:15:35,"推爆 👍🏾 情感 超 細膩 的 一 部 電影 ！ 
 自己 進 戲院 看 就 知道 ～ ",Cindy,28,81,5
2021-04-06,04:06:01,值得 一 看 的 好 電影 😭😭 推爆 爆👍👍👍 ,伊藤文,31,83,5
2021-04-06,07:10:28,扣人心弦 的 劇情 是 部 好 片 無庸置疑 ,威廷,33,84,5
2021-04-06,09:46:14,"邱澤 演技 真的 爆好 ， 以及 導演 將 邱澤 與 許瑋甯 之間 的 火花 及 互動 都 掌握 的 很 好 ， 影片 中 圍繞 著 親情 與 愛情 之間 的 關係 ， 值得 一 看 ！ ！ 
 雖 劇情 普通 ， 但 導演 真的 拍 的 很 好 ～ ",晏如,40,101,5
2021-04-06,16:09:03,"啥 款 ！ 超 感動 ！ 
 一 刷 看 劇情 , 二 刷 看 演員 表情 ， 仍然 熱淚盈眶 。 ",hliutw,28,77,5
2021-04-06,17:08:55,很 有 啟發 的 一 部 片 ， 不同 的 思維 ， 滿 感動 ,把握當下,26,67,4
2021-04-06,20:41:53,"今年 最 好看 的 國片 之 一 了 ， 拜託 不要 讓 國片 沉淪 了 ！ 
 看 了 三 次 依然 哭慘
 先 笑 後 哭 ~ 情感 顯得 細膩
 看得出來 導演 與 演員 的 用心 
 非常 值得 推薦 ",Seven,27,77,5
2021-04-06,21:13:39,真心 推薦 ， 劇情 整 個 起承轉合 都 恰到好處 ， 最後 還是 守 不 住 眼角 ， 泛下 男兒 淚 ， 激推 ! ,你幫我取,26,72,5
2021-04-07,00:21:38,演員 都 不錯 ， 尤其 邱澤 的 演技 非常 好 ， 感動 ！ ,ⓚⓘⓝⓖ尻〞×,42,102,5
2021-04-07,12:54:39,真的 好好看 ， 前 半 段 很 歡樂 ， 後 半 段 很 感 傷😭 。 ,喵喵,28,74,5
2021-04-07,14:51:29,好看   就算 二 刷 三 刷 . . . 也 覺得 很 可以 ,ice,23,77,5
2021-04-07,15:29:09,超級 感動 感動 😭😭 ！ 本 以為 國片 沒 什麼 ！  出乎意外 ,子茜,29,81,5
2021-04-07,21:15:43,還 不錯 ~ 滿 催淚 的 ~ 但 戲劇 張力 可以 再 強化 ~ ,邏輯即戰力,31,59,5
2021-04-07,22:17:20,本來 沒有 抱 很 大 的 期望   但 直接 哭爆 🥲 ,佳琪,23,65,5
2021-04-07,22:53:42,我 哭 四 次 ， 兩 位 主角 演技 真的 是 絕 了 ,小芽♥,26,79,5
2021-04-07,23:46:49,從頭 開始 ， 沒 冷場 ， 笑 中 帶 淚 ， 超推 的 一 部 片 ,佩玲,24,74,5
2021-04-07,23:47:19,"蠻 喜歡 的 一 部 片 ， 至少 不至於 雷 , 可以 去 看看 ",E,19,57,5
2021-04-07,23:49:07,"看 預告 以為 是 溫馨 搞笑片 😂
 進片 真的 覺得 搞笑 逗趣 ， 片 中段 到 結尾 我 整 個 爆哭 到 不行 ， 整 個 有 觸動到 我 的 內心 ！ 
 邱澤 、 許瑋甯 還 有 蔡振南 大哥 的 演技 都 超棒 的 👍
 多多 支持 國片 ， 鼓勵 台灣 這些 認真 用心 的 演員 ❤️ ",Oo MiNa oO,30,80,5
2021-04-08,10:57:22,"劇情 場景 範圍 不 大 ， 不用 花 太多 時間 去 思考 ， 讓 觀眾 更 投入 在 男女 主角 的 感情 大綱 上 
 值得 二 刷 ， 眼淚片 
 金牛 女👍 啦 ",Datt,29,82,5
2021-04-08,11:42:56,前面 酸酸 甜甜 的 ， 後面 感動 落淚 啊 ,臣家,29,82,5
2021-04-08,15:08:14,笑點 夠 好笑 ， 哭 點 也 好 哭 ， 男女 主角 演技 直接 讓 這 部 戲 提升 一 個 檔次 ， 尤其 是 邱澤 ， 演技 十分 的話 我 給 十一 分 。 ,Xuan,52,130,5
2021-04-08,15:21:31,有夠 難看 ， 沒 劇情 沒 內容 ， 國片 加油 吧 ,M=.=,281,206,1
2021-04-08,21:15:55,"邱澤 演技 真 好 
 把 男 主角 演活 了 
 劇情 稍嫌 單調 一點 ",RC,80,140,5
2021-04-09,02:22:45,"真的 非常 好看 ， 故事 情節 交代 完全 ， 整 個 故事 走向 讓 人 清楚 明瞭 ， 男女 主角 的 演技 真的 非常 引人入勝 ， 全 劇 無 冷場 ， 親情 、 愛情 的 展現 動人 心弦
 能夠 將 一 個 這麼 完整 的 故事 濃縮 在 這 短短 時間 之內 ， 真的 配 的 起 五 顆 星 ！ ！ ",嘉琪,33,93,5
2021-04-09,14:08:24,有 笑 有 淚 ～ 有 親情 愛情 ～ 推 ！ 邱澤超 會 演 ～ 值得 看 ！ ,小蜜,27,75,5
2021-04-09,20:06:50,很 好看 ！ 感動到 ！ ！ 很 推薦 ！ 台灣 難波萬 ,B,17,54,5
2021-04-09,20:13:48,覺得 好看 又 感人 ！ 國片 裡面 算是 蠻 推薦 的 ， 有 機會 可以 二 刷 ,WEN,22,65,5
2021-04-09,23:22:15,好看 … . . . . . … . . . ... ,男,18,52,5
2021-04-09,23:24:48,好看 呀 。  大推 . . . . . 就算 他 翻拍 至少 他 講 的 話 。   演員 的 演技 都 是 不可 否認 的 . . . . . 差點 哭出來 。 哈哈 感人 ,斌煌,26,73,5
2021-04-09,23:25:14,後面 越 40 分 鍾 太 拖戲 ， 一 部 電影 有 兩 場 告別式 ， 有點 不 知 在 看 什麽 重點 。 ,job,140,83,1
2021-04-10,00:06:17,不虛此行 ， 細膩 詮釋 情感 ， 經歷 一 場 又 哭 又 笑 的 三溫暖 ， 打從 心 中 肯定 邱澤 的 認真 ， 好 的 演員 和 劇本 ， 讓 人生 多 了 一 晚 美好 。 ,pinoko,24,66,5
2021-04-10,01:19:35,有 機會 二 刷 ！ ！ ！ ！ ！ ！ ！ ！ ！ ！ ！ ！ ！ ！ ,佩蓉,23,68,5
2021-04-10,03:25:58,怎麼 笑 著 笑 著 就 哭 了 😭😭😭 好 感動 啊 ～～～～ ,土豆,42,105,5
2021-04-10,14:59:57,. . . . . . 個人 認為 韓國版 比較 好看 ,Yuyu,237,76,1
2021-04-10,18:43:06,邱澤 演技 沒 話 說 ！ 好笑 又 催淚 ！ 可惜 的 一 點 是 沒有 讓 人 印象深刻 的 歌曲 ,柏樹,37,73,5
2021-04-10,20:01:40,不 想 劇透 太多 ， 但是 認真 投入 去 看 真的 會 哭 ， 我 也 有 聽到 隔壁 擤 鼻涕 的 聲音 。 意外 發現 鍾欣凌 的 演技 很 棒 ， 雖然 不 是 我 喜歡 看 的 電影 類型 ， 看 了 也 不至於 後悔 ， 只是 我 看完 才 發現 是 大 悲劇 ， 而 我 很 不 喜歡 呀 … ,熊,13,44,4
2021-04-10,20:05:15,不管 是 角色 設定 、 背景 設定 、 故事 情節 ， 全 都 很 爛 ， 不 知道 哪裡 好看 ， 哭 點 設計 的 過於 刻意 ， 沒有 深度 可 言 ,Daryl,243,83,1
2021-04-10,20:17:53,阿成 含 著 眼淚 站 在 餐廳 外 凝視 浩婷 那 幕 超虐 超感人 ， 還 有 最後 他們 在 醫院 的 陽台 那 幕 真的 超美 ~ 再 加上 最後 的 音樂 ， 整 個 讓 我 哭 到 不行 ， 超愛 這 部 電影 的 啦 ！ ,明明,30,82,5
2021-04-10,21:31:28,這 類型 的 電影 還是 天 若 有情 經典 。 ,小朱,33,28,3
2021-04-10,22:57:27,國片 這些 年 就 是 流行 一 種 刻意風 ， 騙騙 小朋友 的 眼淚 ,大叔,141,57,1
2021-04-10,22:59:01,被 評價 騙來 的 ， 韓國 的 好看 多 了 ！ ！ ！ ！ ,熊嬤,157,85,1
2021-04-10,23:08:28,真的 好好看 唷 ， 比 韓版 好 哭 好笑 ！ 準備 明天 二 刷 ！ ！ ！ ,雯,33,86,5
2021-04-10,23:27:55,邱澤 演 得 實在 太 好 ， 演技 大 爆發 ， 哭慘 了 我 ,黑貓,36,91,5
2021-04-10,23:38:27,太 好看 了 ！ 又 好笑 又 好 哭 ， 很 想 二刷 ， 邱澤好 會 演 ， 演員 都 有 下功夫 ， 整 部 電影 搭配 茄子蛋 製作 的 主題曲 非常 過癮 ！ 大推 ！ ,V,40,103,5
2021-04-11,00:58:56,台語 真的 很 破 ， 光 用 聽 的 都 受不了 … ,霖,240,106,1
2021-04-11,02:06:10,男女 主角 演技 太 棒 了 🥰 支持 國片 ！ 歌選 的 也 很 讚 ～ 推推 ,瑄瑄,30,82,5
2021-04-11,06:14:50,"1. 難怪 為何 台灣 黑道 大哥 ， 會 有 女人 心甘情願 陪 著 ， 過 著 擔心 受怕 、 跑路 的 日子 。 
2 . 似乎 影射 很多 民意代表 … 黑道 … 背景 … ， 黑道 從政 … 黑吃 黑
3. 印證 了 … 人生 的 計劃 趕 不 上 變化 … 但 重點 是 … 天下 沒有 白痴 的 午餐 ， 千萬 不要 有 「 不勞而獲 」 的 貪念 ， 最後 … 得不償失 … … 
4 . 珍惜 身邊 所有 的 人   生命 無常 . ... ",f,45,94,5
2021-04-11,10:27:52,超 好看 ～ 演員 ～ 劇情 都 很 棒 ～ 一定 要 帶 面紙 去 ,芳怡,33,92,5
2021-04-11,18:05:40,演員 演技 100 分   劇情 40 分   可惜 了   劇情 滿 蝦 的 ,老兆,59,81,4
2021-04-11,20:37:51,很 好看 但是 會 掉淚 請 準備好 衛生紙 ， 男女 主角 演戲 很 到位 ， 劇情 也 不錯 ,豐中,24,63,5
2021-04-11,21:15:17,有 笑 有 淚 ， 劇情 起伏 蠻 大 的 ， 好看 舒壓 的 一 場 電影 ,糖糖 劉,25,65,5
2021-04-11,22:18:15,很 喜歡 ， 邱澤 演技 大 發揮 ， 覺得 這 部 戲 的 情感 呈現 很 道 地 ,Lin Xi,21,56,5
2021-04-12,00:27:13,"整體 剪輯 、 細節 、 台灣 元素 都 恰到好處 ， 
 但是 ， 
 劇情 設定 上 ， 
 女 主角 有 穩定 工作 ， 有 地方 住 ， 到底 怎麼 可能 走頭無路 成 這樣 。 
 男女主 相愛 的 部分 鋪陳 也 很 薄弱 ， 因為 香香 的 至於 死纏 爛打 到 這 種 程度 ？ 
 結論 ， 真的 很 羨慕 可以 從 這 部 電影 享受到 樂趣 的 人 。 ",阿毅,137,64,1
2021-04-12,00:57:42,"演技 給 五分
 劇情 爛給 三分
 折衷 四 顆 星 ",〝 Ｏｈ　ＹＡ〞,81,105,4
2021-04-12,02:16:26,邱澤 很 會 演 ！ 把 男人 的 純真 和 熱情 演 的 收放 自如 ！ ,Andy Tsai,25,70,4
2021-04-12,07:02:16,沒 看過 韓版 ， 但 台版 在 台詞 、 運鏡 、 角色 設計 等等 的 處理 都 看 得 出 用心 ， 也 因此 劇情 雖然 老套 卻 很 能 打中 觀眾 的 心 引起 共鳴 ， 演員 真的 把 情感 傳遞 的 部份 詮釋 得 很 好 ,筑萱,32,89,5
2021-04-12,07:05:51,"雖然 劇情 大致 猜 的 到
 但 男女 主角 演技 顏值 爆表 
 笑 中 帶 淚   值得 一 看 ",淋浴TS,31,86,5
2021-04-12,08:11:37,好看 ！ 進影院 支持 國片 的 第三 部 電影 ， 真的 很 讚 ,白白,26,67,5
2021-04-12,08:24:29,劇情 簡易 好猜 ， 不過 靠 著 演員 精湛 的 演技 ， 很 容易 讓 人 入戲 ， 最後 當然 也 哭到 稀哩嘩啦 ！ 支持 國片 ！ 👍 ,Chein,29,70,5
2021-04-12,10:34:54,雖然 劇情 老套 ， 但是 演員 演技 精湛 ， 導演 編劇 改編 的 很 讚 ～ 配樂 也 很 好 ， 值得 進場 支持 的 台片 ,王ㄍㄚ子,29,78,5
2021-04-12,12:28:40,"演技 很 好 、 音樂 很 揪心 。 
 改編 也 沒 什麼 不 好 ， 每 一 種 詮釋 都 是 不同 風格 的 展現 ",Hannah,29,78,5
2021-04-12,14:07:13,爛 劇情 ， 男主 EQ 有夠 低 ， 什麼 話 不能 講 都 不 知道 ， 有夠 垃圾 ,老邱,234,85,1
2021-04-12,14:43:09,好 難看 ， 劇情 好爛 ， 有些 選角 超出 戲 ， 而且 真的 在 2014 嗎 ？ 時空 好 錯亂 。 整 部 電影 畫面 角度 都 抓 的 超怪 ， 看 得 有夠 不 舒服 。 ,噢`凱莉,159,81,1
2021-04-12,15:01:27,"台式 浪漫 啦 ！ 
 雖然 男 主角 的 角色 設定 有 些 情況 很 不 討喜 
 但 . . 啥 款 ？ 
 情感 傳遞 的 很 好 
 整 個 大 淚 崩 ",銜,42,91,5
2021-04-12,16:10:22,很 好看 ！ 演員 們 很 會 演 ！ 有 笑 有 淚 ,菁菁,28,75,5
2021-04-12,17:40:49,真 得 很 好 哭 ～ 很 值得 看👍👍👍 ,昇樺,22,58,5
2021-04-12,18:08:04,真的 很 好看 我 哭 整 場 推薦 大家 一定 要 看 ,哈茶,21,60,5
2021-04-12,18:22:37,很 有 台味   演員 年齡 演出 超台 的 表演   美 賣 啦 ,Emma,19,42,5
2021-04-12,19:21:52,"一 開始 看 就 知 是 老套 的 劇情 
 男女 主角 演技 不錯 有 撐起 這 部 電影 
 不過 電影 設定 時空 背景 在 2014  
 呵呵   竟然 沒有 一 個 人 在 玩 智慧型 手機 耶
 背景 設定 怪怪 的 ~~
 還 有 為什麼 台灣 的 男 主角 一定 要 演 得 很 渣   然後 背後 很 愛 女生 這樣 
PS : 這 部 電影 多 給 一 顆 星   是 因為 台語 講 很多   台味 十足 ",複雜的單純,30,55,4
2021-04-12,22:40:41,這 演技 跟 平常 邱澤 演 的 感覺 很 不 一樣 ， 電影 題材 其實 跟 很多 愛情片 有點 像 ， 但 加入 台式 愛情 與 親情 的 風格 與 我們 更 貼切 ！ 蠻 好看 的 👍 ,miss黃,35,92,5
2021-04-12,23:21:30,非常 好看 ， 老梗 愛情劇 一樣 可以 拍 的 絲絲入扣 ， 感人 之 極 ！ ,徐,35,89,5
2021-04-12,23:57:25,劇情 很 老套 ~ 但 演員 演技 真的 太 強 太 強 了 ~ 很 感動 ~ 佩服 佩服 ,浩子,39,94,5
2021-04-13,00:31:02,好看 、 好 哭 。 爸爸 眼神 每 次 都 讓 人 不捨 ,慈容,35,88,5
2021-04-13,01:11:33,"非常 好看   很 感動   不論 是 男生 還是 女生 
 我 覺得 真的 會 觸動到 
 親情   與   愛情   與 我們 之間 的 共鳴
 票房 也 在 九 天 破 億   推薦 大家 去 看 
 闔家 觀賞 的 好 片 ",wei,41,112,5
2021-04-13,02:58:03,真的 很 好 哭   心情 不 好 的 時候 看 真的 哭 到 不能 自已 ,Betty,42,107,5
2021-04-13,03:22:09,進 戲院 看 了 又 看 ， 每 次 在意 的 地方 都 不 一樣 ， 唯一 一樣 就 是 好 感人 好 想 哭 ， 這 片 洋蔥 真的 太多 太多 了 ,淺淺一笑,47,120,5
2021-04-13,21:33:49,跟 媽媽 去 看 ， 媽媽 也 是 流淚 ， 雖然 芭樂 劇情 ， 但 演員 演 得 真的 很 好 ， 演員 哭 也 真的 想 跟著 哭 ,副,34,81,5
2021-04-13,22:51:41,"我 個人 認為 劇情 普普 ， 很 容易 猜到 劇情 走向 ， 但 演員 演技 生動 ， 很少 看到 翻拍 的 電影 能 那麼 台😂 ， 笑點 、 哭 點 真的 滿 點 欸 
 希望 票房 能 破 3億 ！ ！ ！ 國片 都 大賣 ~ ",Eric,37,95,5
2021-04-13,22:56:13,"喜怒哀樂 呈現 在 電影 裡 
 能 了 解電影 演 的 過程
 只 能 說 好看 ， 不 看 會 後悔 👍 ",呈軒,35,90,5
2021-04-13,23:48:28,拍 的 不錯 ， 劇情 簡單 ， 感情 深厚 ， 可以 去 看 支持 一下 國片 👍 ,Spark,33,84,5
2021-04-14,00:39:54,很 好看 超 好看 ， 要 帶 面紙 進去 電影院 觀看 ， 笑 中 有 淚 ， 淚 中 帶 笑 ， 邱澤 詮釋 角色 詮釋 得 非常 好 ， 真的 很 感動 ！ ！ ,◤☆★周娃娃★☆◢,34,87,5
2021-04-14,01:40:36,好笑 又 好 哭 ， 好看 ， 要 帶 衞生紙 ， 主角 演 太 好 ,濱崎步,38,90,5
2021-04-14,18:44:13,前面 十足 喜感 、 後面 轉折 感人 ， 電影 劇情 安排 反差 很 大 ⋯ 哭 了 。 很 好看 ,公主,50,121,5
2021-04-14,21:22:11,哭爛 哭爛 哭爛 哭爛 。 。 。 。 。 。 。 。 。 。 ,no_nickname,23,64,5
2021-04-14,22:14:24,爛死 了 ， 翻拍 最後 還 悲劇 收場 ⋯⋯ ,安全感,81,57,1
2021-04-15,10:35:16,劇情 雖然 不 算 好 但 整體 很 好看 啊 ！ 國片 持續 在 進步 ,轟炸機,24,56,5
2021-04-15,11:34:55,"看完 的 隔天 立馬 就 二刷 了 ！ ！ 太 喜歡 演員 詮釋 角色 的 部分 ， 邱澤完 完全全 就 是 阿成 吶 ！ 
 整體 節奏 恰到好處 、 最後 一起 交代 了 愛情 親情 的 部分 手法 很 厲害 ， 真情 是 哭到 一 個 不能 自己 吶 ～～～
 真心 推推 ！ ",Hana,25,69,5
2021-04-15,21:03:42,看完 超感人 ！ 邱澤 演技 太 強 了 ～ 難以 想像 ,丫國,19,53,5
2021-04-15,21:13:22,再一次 被 邱澤 感動 ， 哭 到 不行 😭 ,阿名,17,55,5
2021-04-15,22:34:31,笑 中 帶 淚 ， 提醒 我們 珍惜 現在 ， 把握 當下 ！ ,小安,13,45,5
2021-04-15,23:17:55,一 開始 就 知道 後面 的 劇情 ， 雖然 兩 位 演員 演技 都 很 好 ， 但是 裡面 一直 打打殺殺   罵 髒話 ， 討債 這 種 工作 ， 被 塑造成 好像 很 厲害 ， 對 社會 有 不良 影響 ，   台灣 可以 拍 一些 別 類型 的 片 嗎   這 真的 很 沒 深度 ,Stacy~,258,67,1
2021-04-16,00:42:02,別 看 預告 ， 直接 進去 哭 就 對了 ， 相信 我  :  ) ,琪琪,20,61,5
2021-04-16,00:42:10,完全 無法 喜歡 男主 的 個性 啊 ， 不 溝通 、 衝動 、 做 事 不 考慮 後果 ， 這 種 男人 超雷 的 ,Yayi,255,51,1
2021-04-16,09:48:57,真的 要 帶 面紙 進 電影院 ， 後面 超感人 ， 雖然 我 還 沒 看過 韓版 的 ， 但 邱澤 跟 許瑋甯 的 演技 是 值得 肯定 ， 又 再次 被 邱澤圈 粉😍 ,小穎兒,21,51,5
2021-04-16,10:59:09,普通 而已 ， 太 過度 吹捧 這 部 電影 ! ,　Minnie,155,57,1
2021-04-16,13:56:48,真心 覺得 好看   演技 很 厲害   粉 感人 ～ ,阿諦,18,55,5
2021-04-16,21:23:53,演員 真的 演 得 很 棒 很 細膩 ， 只 可惜 已 現代 時間軸 來 說 ， 服裝 真的 太 刻意 復古 風格 了 ， 會 讓 人 分身 懷疑 時間 軸 到底 訂 在 什麼 年代 。 唯一 的 美中不足 ,K7,25,51,4
2021-04-16,22:26:27,"好 電影 , 國片 愛情片 新 高峰 , 看完 會 讓 你 珍惜 當下 的 自己 與 伴侶 , 比起 最後 至 死 也 不能 在一起 的 男女 主角 , 我們 真的 幸福 很多 了 . . . ... ",真空狀態,19,55,5
2021-04-16,22:42:13,非常 好看 ！ 邱澤 眼 裡 都 是 戲 ～ 沒有 冷場    帶 了 兩 包 衛生紙 都 不 夠 哭 ！ 超紓壓   大推 ,Mini,19,61,5
2021-04-16,22:57:28,雖然 劇情 一般 ， 但 演員 們 實在 演 的 太 好 了 ， 有哭有笑 ， 深入 人心 ， 沒有 冷場 ， 是 一 部 我 會 推薦給 朋友 們 的 好 電影 ,玹宇,21,59,5
2021-04-16,23:59:18,太 棒 啦 太 棒 啦 太 棒 啦 太 棒 啦啦 太 棒 啦 ,ETC,21,58,5
2021-04-17,00:02:39,非常 好看 的 一 部 電影 ！ 超 感動 ！ 大推 ,Becky,23,61,5
2021-04-17,00:05:10,真的 很 好看   喜歡 演員 們 在 戲 裡 的 細膩 演技 ， 帶動 觀眾 的 情緒 在 最後 會 跟著 潰堤 ,wey,29,76,5
2021-04-17,01:27:52,"真的 大推 
 好看 👍  雙方 演技 都 真的 很 好   能 演 到 心坎 裡 ",恰奇,27,69,5
2021-04-17,07:38:59,我 覺得 滿 好看 的 雖然 沒有 預期 中 快掉 一 包 面紙 但 可以 感受到 演員 的 情緒 ,以庭,34,67,5
2021-04-17,11:03:27,一 開始 還 很 期待 ， 結果 是 翻拍 超無言 ,大鳥怪,189,45,2
2021-04-17,13:40:40,"好笑 又 感動 的 故事 
 支持 國片 建議 一定 要 來 看 ",anita,23,62,5
2021-04-17,13:47:14,好看 ~ 好看 ~ 好看 ！ 哭爆 ~ 哭爆 ~ 哭爆 ！ ,陳皮梅,23,64,5
2021-04-17,13:57:35,雖然 是 翻拍 韓片 ， 但 有 拍出 台式 到 地 的 感覺 ， 邱澤 演技 大 爆發 ， 主題曲 也 很 棒👍🏻 ,yao,30,76,5
2021-04-17,14:05:07,"雖然 邱澤 演 的 角色 屬 浮誇 不實 的 個性 ， 但是 邱澤 演技 真的 很 好 ， 有 笑 有 淚 ， 感人 肺腑 😭
 很 久 沒 看 國片 ， 後段 的 親情 真的 讓 人 眼淚 潰堤 的 不能 自己 。 
 蔡振南 也 是 很 厲害 ⋯
 好 喜歡 好 喜歡 這 部 片 ， 茄子蛋 的 歌 也 很 加分 ， 整 部 片 無 冷場 ， 推薦給 考慮 要 看 的 人 ， 要 記得 帶 衛生紙 喔 ！ ",Zoe,33,80,5
2021-04-17,17:47:32,我 第一 次 看 電影 還 能 學到 台語    啥 款 ,廣陵,31,72,5
2021-04-17,21:58:38,真的 太 好看 了 ！ 沒 上來 留言 過 幾 次 一定 要 來 推薦 ！ ,呂小姐,22,61,5
2021-04-17,22:17:32,邱澤 演 得 非常 好 ， 是 有 層次感 的 ， 真的 很 好看 ,圻,25,64,5
2021-04-18,00:07:09,導演 的 MV 作品 我 都 很 喜歡 ， 這 次 首次 挑戰 大 螢幕 ， 改編 韓國 電影 ， 加入 了 在地化 元素 和 獨特 的 台式 浪漫 ， 雖然 說 劇情 走向 沒有 太 大 的 意外 ， 但 情感 堆疊 的 不錯 ， 還是 令 我 感動 ,夜空の熊,24,56,3
2021-04-18,01:08:53,"到底 哪裡 好看 ··· 超普
 不 是 故意 刷負 評
 但 真的 沒 你們 說 得 這麼 好 。 。 ",韻捷,124,53,2
2021-04-18,01:52:46,"個人 認為 後面 結束 有點 勉強 ， 應該 見好 就 收 ， 硬 要 加入 一些 親情 戲碼 、 過世 戲碼 有點 多餘 。 
 這邊 提到 兩 位 演員 真的 超 會 演 ， 第一 名 一定 是 邱澤 ， 再 來 就 是 主角 的 侄女 （ 很 意外 吧 ） 很少 看見 童星 這麼 會 演 。 ",ＮａＲｕＴｏ,27,54,4
2021-04-18,07:25:22,"great
 邱澤 很 可愛 
 希望 再 看 一 次 ",不是,22,63,5
2021-04-18,14:24:57,非常 非常 非常 好看   又 感人   導演 劇本 劇本 好 ,烈火青春,19,54,5
2021-04-18,14:34:10,我 喜歡 。 讓 我 笑 的 很 開心 也 哭 的 很 慘 ， 享受 看 電影 的 時間 。 ,阿良,19,55,5
2021-04-18,15:22:00,"超讚 讚讚 推爆 ❤️
 邱澤 有夠 帥 
 電影 中 的 親情   愛情 都 走進 心 裡面 ， 有 大大 的 共鳴 ",殺小,21,59,5
2021-04-18,16:39:33,"前面 很 可愛 ， 笑 得 很 開心
 後面 . . . . 不 說 了 衛生紙 準備好 哭 到 瘋吧
 真的 很 好看 ！ ！ ！ ",庭庭,25,65,5
2021-04-18,16:50:45,我 覺得 還 不錯 ， 不會 睡著 的 電影 ， 又 哭 又 笑 的 ， 男女 顏值 頗 高 ， 只 是 結局 … 嗚嗚 嗚嗚 : ( ,bookstop,31,61,4
2021-04-18,17:55:01,好 哭 喔 哭起來 讚讚 讚讚 讚讚 很 讚 啊 ,DiDi,27,73,5
2021-04-18,22:41:19,眼眶 濕 了 又 乾 ， 乾 了 又 濕 ， 雖然 是 抱 著 看 喜劇 的 心情 進 戲院 的 ， 但 也 意外 感受到 台灣 拍 本土 劇情片 的 能量 ， 與 演員 從 電視 到 大 銀幕 ， 進步 的 實力 與 努力 ， 想必 會 在 今年 的 頒獎 典禮 聽到 這 步片 很多 次 吧 ！ ,Josh,32,84,5
2021-04-19,13:40:19,非常 好看 ， 朋友 還 第二 刷 ， 台片 有 這 種 水準 算 很 好 了 ！ ,凱凱,23,64,5
2021-04-19,14:30:40,好多 人 跟 我 說 看 了 多 感動 ， 哭 到 發抖 。 但 我 看完 整 個 找 不 到 哭 點 ， 只 覺得 女 主角 衰 到 爆 ， 很 煽情 又 沒 甚麼 新意 。 ,阿魯芙,69,30,2
2021-04-19,15:27:20,"比 想像 中 好看   左邊 右邊 的 女生 都 哭爆 了 ~
 適合 帶 女生 去 看 的 電影 ~ 
 雖然 感人 都 沒 戳中 我 的 哭 點   所以 我 是 沒 哭 ~ 
 但 看 女生 哭 就 很 爽  哈哈 ! ",Luke,22,61,5
2021-04-19,23:13:01,看 演技 就 好   這 種 冤冤相報 的 感情債 可 不 是 好事  別 誤導人 ,hamlet,103,121,3
2021-04-20,00:08:56,"大家 生活 是 有 多 不 順遂 ， 看 這樣 的 演技 和 故事 就 可以 哭出來 ？ 
 一 顆 星 是 給 監 製程 偉豪 的 ， 期待 你 編導 下 一 部 作品 ~~ ",雅曦,137,32,1
2021-04-20,06:52:51,某 種 程度 的 愛情 ， 常常 是 一 種 自以爲 為 了 對方 好 的 觀點 ， 決定 了 未來 的 發展 ， 幸而 有 了 演技 在 線 的 發揮 ， 讓 故事 變 得 立體 飽滿 ,Anson,34,63,5
2021-04-20,09:09:59,"茄子 蛋 歌 好聽 
 男女 主角 互動 自然 
 社會 底層 親情 催淚
 稍嫌 狗血 ， 但 整體 不錯 👍 ",毅,72,92,4
2021-04-20,10:29:53,"看過 台版 跟 韓版
 韓版 拍 的 故事 比較 流暢 ， 人物 刻劃 也 比較 細膩 ， 
 「 不 標準 情人 」 
 有 興趣 也 可以 看看 ",ian,83,86,3
2021-04-20,12:54:52,好看 ！ ！ 準備 2 刷 了 ， 演員 都 有 到位 ,宏博,30,75,5
2021-04-20,15:21:21,"希望 可以 走出 國片 從古以來 的 路線 : "" 販賣 悲情 ""  跟  "" 講 台語 就 要 搭配 粗俗 的 用語 或 形象 ""  ， 他 不 是 什麼 不 好看 的 片   但 就是 劇情 老套 、 刻意 煽情 、 沒有 新意 ， 甚至 不 合 邏輯 或 道德 ， Lulu  那 個 角色 跟 邱澤 的 關係 ,   最後 還 去 參加 ( 不 破梗 ) . . . . 合 邏輯 嗎 ? . . . . .   值得 稱讚 的 地方 :   演員 演技 都 值得 稱讚   整體 影片 的 質感 、 美術 、 色調 、 忠實 呈現 台灣 的 巷弄 街景 、 及 影片 中 主角 在 台灣 可能 的 居住 環境 ",Duffy melody,101,117,3
2021-04-21,10:25:37,淚流滿面 。 邱澤 好帥 ， 男女 主角 都 很 會 演 ， 有 讓 我 入戲 ,小婷,25,63,5
2021-04-21,19:33:13,"台灣人 水準 真 低
 拍 8+9 討債 一 堆 人 叫好 ",amatuer,108,32,1
2021-04-22,00:11:57,老梗 ， 結局 是 感人 ， 但 我 沒 哭😂 😂 🤔 ,River,28,39,3
2021-04-22,00:19:30,我 今天 終於 看 了 當 男人 戀愛 時 ， 我 居然 都 沒有 想 哭🤔 ， 我 覺得 應該 是 要 有 經歷 過 的 人 會 比較 傷感 ， 再 來 劇情 我 覺得 還好 😅 ， 存粹 個人 想法 ！ ,王碧碧,29,37,3
2021-04-22,02:43:43,後面 情緒 跟 著 劇情 一直 疊加上去 . . . 很 感人 ,偲瑜,28,74,5
2021-04-22,05:07:52,"這 部 真的 無法 , 希望 國片 能 再 加油 ... ",姿羽,105,39,2
2021-04-22,08:25:42,真的 有夠 灑 狗血 ， 但 兩 個 浮誇 的 朋友 哭 的 要 死 🤣 ,宇屏,53,28,1
2021-04-22,22:05:58,"認真 說 蠻 難看 的 ， 一 整 個 劇情 讓 我 無 感 , 頭髮 剃掉 好看 多 了 ",盧盧,206,27,1
2021-04-23,00:40:55,"很 接 地氣 一 部 片 ， 男 主角 演 的 很 好 
 好 好看   推推 ",Eason,24,67,5
2021-04-23,00:58:25,不會 溝通 只 用 情緒化 來 凶 女生 不 是 個 男人 的 行為 。 有待 改進 。 ,怡岑,236,43,1
2021-04-23,01:42:16,這 劇情 真的 很 爛 ， 整 天 打打殺殺 ， 台語 又 不 到 地 ， 看 了 一直 皺眉頭 ， 而且 男人 捨得 自己 的 女朋友 難過 ， 遇事 都 不 講 就 是 男人 嗎 ？ 或許 騙得了 一 次 ， 騙不了 永遠 ， 孝子 誰 都 可以 當好 嘛 ！ 男人 這 個 腳色 真的 不 適合 這 部 。 ,lin,224,37,1
2021-04-23,09:37:55,"是 不錯 看 ， 但是 不 是 抄襲 大陸 段宏楠 他們 拍 的 電影 ？ 因為 他們 一 兩 年 前 就 拍完 了 ， 劇情 都 是 一樣 段宏楠 他們 的 也 是 討債 也 是 愛上 欠債人 的 女兒 ， 也 是 用 彩色 筆畫 表格 ， 也 是 要 一起 付錢 租 店 ， 最後 也 是 被 陷害 被 抓 也 是 生病 提早 放出來 ， 也 是 去 討 他 那 份 錢 ， 最後 也 是 死 了 

段 宏楠 電影 叫做 江南 花火 ！ 你們 大家 去 看看 就 知道 我 為什麼 說 是 抄襲 ！ 也 因為 人家 比較 早出 這 電影 居然 劇情 都 一模一樣 ",冠勳,89,50,2
2021-04-23,22:42:36,雖然 是 翻拍 ， 劇情 很 荒謬 ， 但 後段 還是 爆哭 哈 哈哈 ～ ,矮人,29,72,5
2021-04-24,00:55:09,看 著 看 著 就 有 歌詞 浮現出來 “ 最後 的 疼愛 是 手 放開 ” . . . 最後 還是 很 灑狗血 ！ ,阿明,24,64,5
2021-04-24,20:25:30,讓 我 想 再二 刷 的 電影 ， 笑 到 不行 ， 哭 到 不行 ,寶寶,22,62,5
2021-04-24,22:23:57,有 笑 有 淚 的 一 部 電影 ， 演員 演技 也 很 好 ， 片 中 場景 很 有 帶入感 ， 比如 廟 、 路邊攤 、 本土味 的 銀行 等等 ， 真的 推 ！ ,子容,25,63,5
2021-04-24,22:48:46,整 部 電影 從頭到尾 都 很 精彩 ！ 從 開頭 的 笑 到 翻肚 、 到 結尾 的 感動 落淚 。 邱澤 的 演技 大 爆發 ， 值得 進 戲院 觀賞 ！ ,天芹,26,70,5
2021-04-25,09:57:59,啥 款 . . . . . 安ㄋㄟ . . . . . 😂 ,LiLee,23,48,4
2021-04-25,16:55:52,雖然 是 一 部 翻拍 的 電影 ， 但 卻 有別於 原版 ， 除了 大綱 相同 ， 但 呈現出 的 卻 很 不 一樣 ， 男女 主角 的 火花 也 相當 吸引人 ， 除了 lulu 讓 我 出 了 戲😅 ,鄉,26,52,4
2021-04-25,17:12:09,哭 到 無法 自拔 ～ 啜泣聲 停 不 下來 ！ 超級 好看 想 去 二 刷 了 ,陳,12,60,5
2021-04-25,18:07:39,讚讚 讚讚 讚讚 讚讚 讚讚 讚讚 讚讚 讚讚 讚讚 ,徐子懿,15,56,5
2021-04-25,20:35:03,"就 是 一 個 臉 換成 別人 ， 就 會 想 聲請 保護令 的 男 主角 。 不學無術 、 暴力 ， 少 收債 （ 不 是 自己 的 債 ） 就 變 得 善良 ， 好好笑 。 
 這 種 電影 台灣人 推爆 真的 很 悲傷 ",Sfd,182,59,1
2021-04-25,21:10:49,"這樣 鄉土劇 情節 就 能 賺到 台灣 觀眾 眼淚 ？ 
 老梗 的 悲慘 女主   永遠 台式 屁 孩 男 主   老梗 的 轉折   最後 一 個 狗血 結局   我 只 能 說 女主 這 個 人命 真 衰 啊 
 整 部 電影 說 要 傳達 父權 主義   我 真的 感受 不 到   還是 又 是 一 群 女權 主義 在 那邊 無病呻吟   自作 話題   整 個 電影 大概 就 是 用 中二 無言 老套 來 形容 ",芒果,75,47,1
2021-04-25,21:31:40,平平淡淡 的 簡單   翻拍 得 很 台灣   ! !  近期 的 國片 都 不錯   給 個 五 顆 支持 ,Xiu,19,47,5
2021-04-25,22:11:02,看 著 最後 的 情節 一直 想到 驟 逝 的 小鬼 . . . 雖然 狀況 不 太 一樣 ， 但 真的 淚 不停 ,Song,12,60,5
2021-04-25,22:42:54,國片 真的 很 懂 國人 的 點    真的 哭慘 了 ~  大珠小珠 直直 落 ~ ,小胖,20,65,5
2021-04-25,23:02:06,一 部 讓 你 想 一 看 再 看 的 片 ！ 衛生紙 一 包 都 不 夠 用 ,☆小語☆,15,85,5
2021-04-26,01:50:57,雖然 是 翻拍 ， 但 劇情 老套 ， 很 灑灑狗血 ， 但是 演員 邱澤 演技 讓 人 眼睛 一 亮 ， 其他 演員 也 都 演 的 很 好 ， 拍攝 畫面 也 導 的 很 好 ， 整體 來 說 ， 是 一 部 很 不錯 的 國產片 ， 個人 覺得 還是 值得 一 看 的 ！ ,Jack,35,71,4
2021-04-26,02:42:24,難看到 想 哭 ， 八 家將 的 發情 求嘔 人生 關 我 屁事 ， 爛 劇本 一點 正向 意義 都 沒有 ， 看 不 懂 這 部 片 想要 表達 什麼 ， 如果 觀眾 看完 一 部 電影 卻 毫無 收穫 ， 那 拍 這 部 片 只是 浪費 觀眾 的 時間 ,玉涵 蔣,98,61,1
2021-04-26,04:19:38,"每 個 人 喜愛 的 電影 和 點 都 不同 ， 我 個人 比較 喜愛 【 無名弒 】 類型 。 
 這 部 是 陪 同 人 而 觀看 得 。 ",Rui E ★ v ★,34,74,4
2021-04-26,07:41:02,看完 這 部 電影 ， 「 珍惜 」 每 個 人 事物 ， 好好 愛 家人 ,點點,41,91,5
2021-04-26,16:09:14,好看 ~ 從 頭 哭到 尾 ~ 邱澤 演技 超讚 ,仔仔,39,88,5
2021-04-27,02:21:40,除了 演技 ， 其他 真的 不 知道 哪裡 好看 了 ， 等 哭 點 等到 劇終 都 還 沒 哭😔 ,李歐,185,34,1
2021-04-27,10:40:22,翻拍 撈 一 筆 ， 拍拍 屬於 自己 台灣 的 電影 吧 ,建峰,82,31,1
2021-04-27,12:49:52,"個人 感受 不同 ， 覺得 蠻 好看 的 
 值得 進場 的 國片 ",NAP72UWLLNDAHIC32DJQYYITLA,26,67,5
2021-04-27,19:43:44,進去 電影院 後 才 之 到 是 89 電影    死屁 還 發情 最後 其實 被 塑造成 大好人    這 種 灑 狗血 劇情 一點 也 不 敢 動 也 沒有 哭 點 啊 ?    罵罵 髒話   講講 台語    台片 沒有 梗 了 ?      這 種 發情 的 89 真的 滿 會 教壞 小孩 的 ,my nickname,108,55,1
2021-04-28,11:31:21,前面 很 好笑   各 種 爆笑 的 點   直到 後面 的 橋段   開始 各 種 催淚 ,婷,22,69,5
2021-04-28,18:30:15,老實說 我 真的 覺得 沒 什麼 內容 ， 愛 也 愛 的 不 深刻 ， 如果 去掉 俊男 美女 ， 真的 什麼 也 不 剩 ， 而且 太 刻意 想要 製造 哭點 ， 不 是 不 支持 國片 ， 是 真的 不 好笑 ， 也 不 感動 啊 ... ,Lin,75,37,1
2021-04-29,00:37:58,好看 ， 整 部 戲 鋪陳 毫無 冷場 ， 絕對 有 金馬獎 的 實力 。 ,小呆,26,93,5
2021-04-29,13:34:20,"演員 演 得 很 好 
 劇本 普普通 通
 但是 還是 值得 一 看 ~ ",倫,12,47,3
2021-04-29,23:40:01,整體 而 言 不錯 . . . 雖然 劇情 翻拍 . 但 台灣味 有 出來   很 有 風格 . .   但 後面 真的 太 拖戲 . .  1 小時 30 分 真的 極限 . . .   拍到 兩 小時 後面 讓 人 想 睡   一直 看 手錶 ... ,小傑,16,45,3
2021-04-30,01:59:37,劇情 有些 灑狗血 ， 雖然 靠 演技 及 氣氛 營造 還是 賺 人 淚水 ， 但 看完 會 覺得 空空 的 ！ ,￡╭小律〞〜★∘,15,58,4
2021-04-30,14:53:07,"除了 主角 演技 真的 很 棒 外 ， 其他 沒 什麼 優點 了 。 
 真 不 知道 所謂 台式 風格 到底 是 什麼 ？ 有 流氓 加上 浪子 回頭 就 台式 風格 ？ ",Yanbo,48,25,1
2021-04-30,16:23:47,這 是 韓國片 改編 的 吧 ？ 原版 男 主角 是 演 的 不錯 ,台中皇欣機車精品店,43,15,2
2021-04-30,22:13:02,"完全 是 去 陪看 的 , 聽 片名 感覺 是 精彩 的 一 個 為 愛 勵志 故事 , 但 看完 , 劇情 張力 沒有 完全 都 是 片斷 的 , 內容 太 淺 草草 了事   三字經   打架 ,   結局 爛死 ",瑋,156,44,1
2021-05-01,00:21:52,"第一 次 寫 評論 ！ 拜託 各位 手下 留情 不要 噓 我 . .. 
 這 部 真的 沒 劇情 沒 內容 . 後面 都 在 拖戲 . 很 想 試 著 感動 一下 . 但是 真的 沒辦法 . 國片 加油 吧 ！ ",Jerry,135,32,1
2021-05-01,08:32:54,台味 十足 的 電影 ， 給 三 顆 星 不能 在 高 了 （ 純粹 給 女 主角 的 ） ！ 根本 不 值得 到 電影院 觀賞 ！ ,冠騰,41,32,3
2021-05-01,10:55:19,就是 覺得 好看 ， 男性 友人 後面 看到 一直 在 哭 呢 ,QQ,19,76,5
2021-05-01,14:01:32,這 片 跟 2014年 韓國片 “ 不 標準 情人 ” 根本 照抄 ， 劇情 、 人物 完全 一樣 ， 也 太 沒 創意 了 ， 害 我 跟 老婆 浪費 電影票 ， 當作 純粹 支持 國片 吧 ， 希望 國片 能 進步 ， 而 不 是 濫竽充數 。 ,Freedom,77,52,1
2021-05-01,14:08:28,還是 韓國版 比較 好看 ， 希望 國片 能 進步 ， 不要 只 會 … xxx ,麥兜,61,43,2
2021-05-01,17:17:39,超 值得 一 看 ！ 從 中間 哭 到 片尾 ， 後勁 很 強 ！ 邱澤 演 的 很 到位 ！ 很 細膩 的 拍攝 手法 ， 可以 2 刷 ,Ada,23,91,5
2021-05-01,18:56:09,個人 是 非常 喜歡 ， 有 好幾 個 點 深入 我 心 … … ,ㄚ比,29,85,5
2021-05-01,21:57:27,很 溫馨 ， 笑 點 滿多 的 ， 看到 最後 蠻 感人 的 ， 男 主角 超 會 演 ！ ,YANG.H,28,79,5
2021-05-02,01:49:36,聽到 很多 人 推薦 去 看   但 個人 覺得 劇情 很 薄弱 ⋯⋯ 哭 不 出來 ,Ellen,35,31,3
2021-05-02,18:01:02,只有 霓虹燈 部分 有 中 ～～～～～～～～～ ,雨柔,58,25,1
2021-05-03,00:11:35,好看   台視 電影 ， 前面 好笑 但 後面 哭爆 ， 是 現在 台灣 很 少 有 用 這樣 的 做法 ， 可以 說 是 很 成功 的 電影 ！ ！ ！ 😊😊😊 ,吳,18,65,5
2021-05-03,14:31:04,好看 ！ ！ ！ 又 哭 又 笑 der~~~ ,Angela Yu,18,58,5
2021-05-04,08:26:20,這 看 個人 吧 ， 反正 我 覺得 好看 ， 能 讓 人 又 笑 又 感動 ， 雖然 是 翻拍 的 ， 但 最後 呈現出來 的 結果 是 好 的 這樣 就 足夠 了 ,喔,16,52,5
2021-05-04,13:23:44,整體 劇情 走向 很 棒 ， 有 融合 臺灣味 ❤ ️ ,獅子,12,45,5
2021-05-04,17:54:19,他 的 哭 點 就 是 催淚 音樂 放下去 ， 男女 主角 一起 悲情 的 哭 ， 很 刻意 的 讓 你 跟著 情境 哭 ， 不 是 真的 因為 感動 或者 有 共鳴 而 哭 ， 對於 衝動 又 沒 大腦 ， 遇到 事情 又 不 好好 講 的 男生 ， 女 主角 就 是 很 倒楣 而已 . . . 很多 人 說 好看 ， 應該 是 最近 鬧片荒 的 關係 吧 ~ ,bear,61,25,1
2021-05-06,02:56:23,超棒 ， 感人 噴淚 ， 可以 3 刷 ， 好笑 ， 感人 ， 親情 友情 都 有 ,3344,16,47,5
2021-05-06,12:10:02,"很 好看   記得 多 帶 一些 面紙 進去 
 小朋友 好棒 喔 ",你好我的暱稱就是沒有暱稱你只接叫我路人甲乙丙丁戊己庚辛壬癸,16,45,5
2021-05-06,21:57:25,"不錯 看 ， 但 沒有 必要 進 電影院 看
 看過 韓國版 的 ， 劇情 百分之95 一樣 
 沒有 像 我 的 少女 時代 、 那些 年 我們 追 的 女孩 
 那樣 帶給 我 感動 。 ",圓圓,27,21,3
2021-05-07,20:58:55,讓 我 忍不住 來 留 短評 . . . 到底 是 誰 把 這 部 片 捧 這麼 高 ? 劇情 老套 到 不行 . . . 8+9 低下 的 部分 ， 就 看 其它 評論 吧 ~~ 這 部 片 真的 不 值得 ... ,海豚,62,31,1
2021-05-08,01:28:26,笑 中 帶 淚 的 電影 ， 一定 要 準備 衛生紙 進 影院 ， 電影 結束 時 感覺 大家 還 沉浸 在 戲 裡 ， 真的 能 體會 有 人 會 想 再 刷 這 部 電影 。 （ BTW 邱澤超 帥 ～ 男女 主角 床戲 身材 也 很 有 看頭  😍 ） ,VIVIKO,13,52,5
2021-05-08,02:33:13,第一 次 評分 就 獻給 你 ， 有哭有笑 ， 有 愛情 、 親情 等 ， 記得 帶上 一 包 衛生紙 。 （ 愛 你 愛 甲白目眉 ） 邱澤 演 的 真 好❤ ️ ,Fiona,31,76,5
2021-05-08,08:58:00,就是 如出一轍 的 台式 鄉土 文化 所 帶出 的 黑色 幽默 ， 非常 老掉牙 了 . . . 不 知道 好看 在 哪裡 ， 這 種 浪子 劇情 不如 去 看 1994年 黎明 演 的 都市 情緣 ,大頭,73,45,1
2021-05-08,11:15:20,每 個 演員 都 演 的 很 棒   respect ,lo,25,51,4
2021-05-09,03:25:51,邱澤 演 得 真的 很 好 ! ! ! ! ! 欠 邱澤 一 座 金馬獎🥲 最後 是 哭 著 走出 戲院 的   有 笑 有 淚   真的 推   想 說 眼淚 收好 了   結果 最後 繼續 爆淚🥲 現在 大家 的 口頭禪 應該 都 是 啥 款吧 😂 ,格格,62,93,5
2021-05-09,09:02:16,加入 了 很多 與 韓版 不 一樣 的 元素   在地感 很 親民 ,阿聖,34,72,5
2021-05-10,22:14:04,"我 是 先 看 韓版   再 看 台版 的 
 可能 是 因為 已經 知道 劇情  
 所以 沒有 原先 那麼 期待 
 畢竟 它 只是 翻拍 原版 的 
 我 個人 覺得 沒有 超越 原版 的 好看
 所以 去 看完 之後 是 有些 失望 的 
 劇情 都 差不多   甚至 少 了 一些 鏡頭
 要 誇 的話  
 應該 說 男主 詮釋 的 還 不錯   多 了 趣味
 以及 男主 所 需要 的 笨拙感 ",安庭,45,19,2
2021-05-10,22:16:15,衝 著 這邊 的 好評 去 看 的 . . . 只 能 說 大家 各 有 所好 。 低俗 的 台片 實在 不 是 我 喜歡 的 。 但 畢竟 是 國片 還是 給予 祝福 。 ,睡美人,65,36,2
2021-05-10,23:03:55,以 國片 來 說 劇情 演技 還 不錯 ， 蠻 感人 的 ,ＶｉａＮ＿,35,67,5
2021-05-13,02:40:08,邱澤 、 許瑋甯 演技 大 爆發 ， 電影 又 好笑 又 感人 ， 非常 推薦 大家 進 戲院 看 電影🎬 ,琳琳,29,61,5
2021-05-13,09:18:54,大推   情緒 很 到位   好幾 部分 雖然 知道 會 怎麼 發展   但 還是 被 演技 給 感動到 ,麻糬,32,65,5
2021-05-23,12:01:39,"國片 就是 
 一 群 8+9
 美女 和 8+9
 校花 和 8+9
 乖乖女 和 8+9
 孝女 和 8+9
^_^ ",小半,20,17,1
2021-06-01,11:43:45,Yahoo 的 評價 也 太 低 了 吧 ！ 這 部 明明 就 很 好看 ,卡卡輝,5,32,5
2021-06-04,21:06:40,整體 還 算 不錯 ， 感情 豐富 的 人 應該 都 能 看 哭 ,嵐焔,2,14,4
