2021-03-24,11:42:55,好看 ~ 爽度 100 分 ~ 隱藏 最後 大 魔王 😂 😂 ,禮威帥帥,45,37,5
2021-03-24,11:53:58,前天 看完 美麗華 特映 ， 本 作 的 畫面 更 明亮 、 戰鬥 更 流暢 ， 怪獸 的 激戰 不再 像 前 作 那樣 不時 被 穿插 的 人類 戲份 打斷 節奏 ， 且 兩 大 怪獸王 者 雖然 明確 分出   了 勝負 ， 但 並 不會 讓 兩 邊 的 支持 粉絲 失望 。 文戲 劇情 扁平 ， 在 怪獸 與 人類 的 時間 比例 取捨 下 ， 本 集 直接 選擇 了 怪獸 為主 ， 人類 部分 只有 其中 一 支 線 任務 的 敘述 較多 ， 其他 正反派 則 單薄 到 沒 什麼 存在感 ， 甚至 對於 前 作 怪獸 之 王 劇情 也 未 多 做 聯結 與 補述 ， 有些 可惜 ， 所幸 怪獸 的 激鬥 打好 打滿 整 部 電影 ， 也 藏 著 些許 日版 哥吉拉 的 致敬 彩蛋 ， 非常 紓壓 、 爽度 爆表 的 爽片 🦖🦍 ,milkokla,99,23,4
2021-03-24,13:37:39,哥吉拉 大戰 金剛 比 上 一 集 好看 多 了 ， 讚 讚讚 ! ,小王,64,20,5
2021-03-24,16:11:44,怪獸 打架 最 有 誠意 的 一 集 😂😂 ,Godric  Huang,69,23,5
2021-03-24,16:33:47,美國人 支持 的 霸權 哥吉拉 不 是 敵人 ， 中國人 不甘示弱 的 金剛 也 不 是 敵人 ， 人類 的 科技 才 是 敵人 。 當 金剛 放下 ⋯⋯ 哥吉拉 也 放棄 ⋯⋯ 返回 棲息地 。   讚 ！ 和平 就 是 這樣 開始 的 。 亂 掰 的 。 哈哈 ！ ,聖經客旅,8,39,5
2021-03-24,18:28:58,金剛哥吉拉 聯手 大戰 . . . . . 鹹蛋 超人 . . 不據 透 了 看完 了 你 就 知道 為什麼 了 ,小兵,2,24,5
2021-03-24,19:35:16,為 泰坦 宇宙 劃下 完美 的 句點 ， 運鏡 超帥 超魄力 ～ ,好吃不黏牙,2,4,5
2021-03-24,19:53:45,整體 來 說 ， 我 個人 比較 喜歡 怪獸 之 王 ， 雖然 哥吉拉 大戰 金剛 也 不錯 看 。 重點 一定 要 看到 最後 ， 一定 要 看到 ， 一定 要 看到 最後 ， 因為 很 重要 ， 所以 要 說 三 次 ， 有 下 一 集 的 彩蛋 ,志傑,11,104,3
2021-03-24,20:07:28,神劇 啊 ! ! ! ! ! ! ! ! !   我 家 沅沅 說 超 好看 。 只 有 一 個 字 可以 形容 ， 金剛 好 棒棒 ,BrAIn Hsu,16,15,5
2021-03-24,21:18:06,超爽片 ， 後面 沒有 彩蛋 ， 不要 傻 等 ,Pony,83,12,5
2021-03-24,21:41:04,整體 來 說 比 第二 集 好看 ！ 沒有 彩蛋 ,Hsin I,4,10,5
2021-03-24,21:49:43,"打架 爽度 很 夠 , 建議 看 IMAX 3D ， 但是 劇情 跟 演員 不行 😂 ",于凱,4,15,5
2021-03-24,22:08:54,覺得 還好 耶 ， 一度 要 睡著 . . . ... ,憶蓉,7,132,1
2021-03-24,22:23:17,好看   戰鬥 劇情 比 2 集 多 太多 了 。 推 ,曜傑,4,5,5
2021-03-24,23:39:48,打鬥 場面 很 夠味 ～ 但是 真 劇情 交代 太 籠統 ， 喜歡 哥吉拉 的 會 很 期待 ， 但 以 電影 的 層次 來 說 的確 還是 有 需要 加強 邏輯 的 地方 ,hope,4,2,4
2021-03-25,00:02:16,壞 的 還是 那 個 壞人 。 整體 還 不錯 。 ,睦鈞,1,4,4
2021-03-25,02:18:23,雖然 片長 只 有 113 分鐘 ， 看完 有點 意猶未盡 。 但 過程 幾乎 沒有 冷場 ， 只 可惜 人類 劇情 還是 平平 ， 配樂 也 沒有 上 一 集 得 好 ， 不過 光 是 看到 兩 隻 泰坦 戰鬥 就 值 了 ， 畫面 、 特效 、 運鏡 跟 打鬥 的 流暢度 遠遠 勝過 前 兩 集 。 看完 一定 讓 你 爽翻到 融化 在 椅子 上 XD ,拉,9,3,5
2021-03-25,03:27:45,"整 題 還 不錯 

 不過 金剛 被 打趴 2 次    有點 慘 ",草帽小子,2,25,5
2021-03-25,03:39:23,劇情 一般 ， 但 看 了 還是 很 爽 。 希望 以後 還 有 越來越 多 的 泰坦 巨獸 ,"Melon,,",8,2,5
2021-03-25,05:13:04,人類 戲份 依舊 垃圾 ， 本 想 扣分 的 ， 但 打戲 爽度 很 夠 ， 所以 給 個 五星 補血 一下 。 ,樺,4,3,5
2021-03-25,07:49:29,特效 好棒 ， 構想 很 創新 ， 超級 無敵 大 爽片 ， 看 的 非常 過癮 👍 ,GOO,6,3,5
2021-03-25,09:20:54,這 才 對 嘛   著墨 於 怪獸 才 是 這 系列 電影 該 做 的 事   人類 從前 幾 部 來 看 就 可以 知道 根本 無法 決定 戰局   一 隻 拉頓 就 把 人類 打到 潰不成軍 了   根本 沒 必要 硬 讓 人類 有所 作用   就 像 你 拍 動作片 不會 沒 事 是 聚焦 在 地 上 的 螞蟻 一樣   人類 在 怪獸片 本來 就 決定不了 戰局 ,Ian,5,3,5
2021-03-25,09:39:07,沒有 彩蛋 哦 ！ 不要 白 等 ！ 期待 4月 8日 的 真人 快 打 ， 應該 也 是 爽片 ㄧ 部 ， 嘻嘻😁 ,納琳,9,2,5
2021-03-25,10:18:29,很 推 美麗華 3D IMAX  超級 好看   看完 一 次 我 都 想 在 二 刷 了   超 精彩 的   老哥 這 集 破壞力 超強狂 噴射線   金剛 比較 像 主角 老哥 變 配角 的 感覺 ,小瑋,5,2,5
2021-03-25,11:12:13,"劇情 不 太 行   但是 打鬥 畫面 誠意 十足 ，
 不 知道 下 一 集 要 挑戰 哪 個 BOSS  好 期待 ",Frank,6,2,5
2021-03-25,11:57:09,"比   復仇 者 聯盟   終局 之 戰 好看 太多 了 ！ 
讚👍 ",..,39,43,5
2021-03-25,12:41:44,沒想到 那 個 亞洲 男 是 犧牲 的 博士 的 兒子 ， 他 把 爸爸 的 死怪罪 哥吉拉 ， 所以 打造 機械 哥吉拉 要 殺死 他 ， 最後 居然 還 捨棄 肉體 意識 轉移 變成 機械 哥吉拉 本體 ， 真的 太 精彩 了 ， 沒想到 居然 可以 這樣 反轉 ,劉,9,32,5
2021-03-25,13:06:12,"過癮 — — 打 就 對了 

 不 用 言語 。 一 個 字 爽 ",志總,7,2,5
2021-03-25,13:11:10,"過程 很 緊湊
 特效 100 分
 劇情 20 分
 純粹 爆米花 動作 爽片
 考量 劇情 深度 
哥吉拉 2 怪獸 之 王 還是 好 一些 ",甜咖啡,6,15,3
2021-03-25,14:28:13,久 違 強 檔片 ， 就是 好看 ， 最後 還 有 大 魔王   ， 真的 棒呆 了 ， 真的 爽度 100% ， 也 有 一點點 感人 部分 ， 值得 啦 ， 快 去 看看 ， 推 ,建德,6,3,5
2021-03-25,14:34:37,唯一 缺點 ， 片長 太 短 了 ！ 希望 至少 下 一 部 的話 可以 2 小時 以上 ！ ,★最好笑的是你☆,8,5,5
2021-03-25,14:46:23,原來 最 壞 的 壞人 。 還是 人類 。 人類 怎麼 可以 這麼 壞 。 ,君,33,12,5
2021-03-25,14:52:03,雖然 劇情 中 有 部分 牽強 ， 能 感受 得 到 劇組 與 導演 是 非常 用心 在 拍攝 此 片 ， 唯一 美中不足 是 機械 哥吉拉 外型 難看 ， 沒有 牙齒 與 整體 外形 讓 機械 哥吉拉 很 其貌不揚 ， 我 覺得 一級 玩家 的 哥吉拉 外型 上 優於 此 片 很多 。 ,Willy,11,5,4
2021-03-25,16:04:49,"打 得 真的 很 精彩
 但 演員 們 個個 面癱 ， 劇情 . . . 好像 也 沒 什麼 劇情 
 一 整 個 無厘頭 的 情節 
 場景 也 搞 得 跟 夜店 一樣 
 我 真的 無法 了 
 第二 集 真的 好看 得 多 ",Wing,9,37,2
2021-03-25,16:22:35,我 覺得 以 爽片 來 說 非常 好了 ! 劇情 緊密 好看 。 值得 推薦 ,fsfjkssj,5,2,5
2021-03-25,16:41:00,整體 來 說 是 一 部 娛樂性 十足 的 特效 電影 ， 劇情 上 相對 少量 直接 把 觀眾 帶到 怪獸 對決 的 場面 ， 不過 這 部 電影 的 視角 都 是 以 金剛 的 角度 去 切入 的 ， 對於 金剛迷 來 說 算是 一 個 福音 也 比較 貼近 人類 的 視角 ， 最後 還是 導向 一 個 觀念 最 大 的 敵人 永遠 不 是 這些 地球 上 的 霸主 而是 覬覦 這些 力量 的 人們 ， 這 部 並 沒有 彩蛋 唷 ! ! 片尾曲 大概 有 十 分鐘 之 久 ， 想 紓壓 的 觀眾 們 可以 去 看看 瞜 。 ,凝淵,7,4,4
2021-03-25,16:50:54,"朋友 們  2 刷起來 呀 🤍🤍🤍
 第二 次 我 選擇 4DX 3D
 一定 爽度 爆表 ❤️ ❤️ ❤️ ",顆顆顆,37,23,5
2021-03-25,17:58:43,爽度 爆表   打鬥 刺激 熱血 會 揮拳   劇情 細節 在 臉部 眼神 裡 要 認真 看   說 沒 劇情 的 都目 小吧 我 覺得   你 厲害 你 拍 一 部 來 看看 ,月下滴審判,32,10,5
2021-03-25,18:38:32,很 好看 ， 非常 推薦 ， 爽度 破表 ， 遠勝 這 個 系列 的 前面 幾 部 ,小花,11,4,5
2021-03-25,19:17:38,"一 個 字   爽 ！ 
 有 機會 一定 要 用 大嗎 螢幕 看 
 劇情 普通 ， 但 兩 大 泰坦 怪獸 打架 就 是 爽 ",柏叡,9,3,5
2021-03-25,20:16:41,打鬥 拳拳 到 肉   不會 眼花撩亂 不 知道 在 打 啥   至於 劇情 尚可   這 種 爽片 還 有 劇情 就 是 神 作 了 ,喇叭喬,37,24,5
2021-03-25,20:32:51,超過 期待 。 十分 好看 。 金剛隊 的 戲份 很 感人 ， 哥老隊 戰力 堅強 。 喜歡 環 太平洋 第一 集 的 一定 會 喜歡 。 女生 也 會 喜歡 看 的 。 適合 闔家 觀賞 。 ,Guan Quan,17,5,5
2021-03-25,21:45:15,"雖然 這 次 沒有 我 最愛 的 魔斯拉 . 可是 哥吉拉 跟 金剛 兩 隻 泰坦 巨獸 的 打鬥 . 還是 很 有 看頭 的 . 
 還 有 那 隻 機械 哥吉拉 還 滿 酷炫 的 . 我 還要 在 去 2 刷 。 ",Ak(台北),36,18,5
2021-03-25,21:47:20,"今年 ， 應該 很 難 有 電影 能 打敗 本部 吧 ， 
 輸贏 不 重要 ， 和平 比較 重要 ",冠鑫,63,14,5
2021-03-25,21:47:25,"頂級 娛樂片 ！ 聲光 、 效果 、 打鬥 場面 , 都 是 娛樂片 上乘 之 作 ！ ",宇浩,74,9,5
2021-03-25,22:02:30,"還是 覺得 上 一 集 比較 好看 ， 
 而且 沒有 哥吉拉 出場 配樂 就 扣分 了 
 第二 集 大於 3 大約 1

 真的 還 滿 像 環 2 的 . ... ",will,14,65,1
2021-03-26,00:20:12,"從頭到尾 無 冷場 ， 精彩 打鬥 畫面 ！ 
 結局 蠻 容易 猜到 ",Anne,36,20,5
2021-03-26,01:40:37,"已 看完   不 知 如何 評論 這 部 “ 傳奇 哥吉拉 最終 章” ，
 只有 “ 爽” ！ ！ 
 這 一 個 字   來 形容 😆 ",飄流物語,32,11,5
2021-03-26,04:25:54,怪獸 打鬥 5 顆 星 ， 劇情 2 顆 星 ， 本 片 打破 了 哥吉拉 無敵 的 設定 個人 不 是 很 喜歡 。 ,Jason,8,10,4
2021-03-26,08:30:26,我 真的 不 適合 看 無 腦片 ， 看到 一半 就 走人 了了 ， 近年 來 看過 200 片 以上 ， 第一 次 走人 。 （ 怪獸 幹架 特效 是 還 不錯 啦 ） ,HiHi,5,114,3
2021-03-26,14:13:17,3D4DMAX 震動 視覺 嗯 贊 但 比較 後面 之前 哥吉拉 嗯 不 滿意 的 就是 怪獸 之王 拍 太 暗 了 其它 嗯 雖然 最後 沒有 彩蛋 但 說明 一下 日本 那 舊本 有 鹹蛋 超人 VS 哥吉拉 ， 金鋼 ， 跟 複製 機器人 鹹蛋 超人 當然 有 在 說 ， 這 次 值得 3D4DMAX 嗯 拍 的 那 地心引力 最 滿意 因為 那 看 電影 的 人 可以 往 那 像 在 來 前面 高科技 制於 腦電波 怪獸 嗯 失敗 人類 問題 用法 嗯 就 這樣 ,國方,4,8,5
2021-03-26,14:29:56,從 頭爽到 尾 的 片   沒有 彩蛋 不要 傻 等   沒有 彩蛋 ！ ,無緣分,4,5,5
2021-03-26,15:04:40,"請問 有 需要 看 3d 嗎 ？ 
 在 考慮 要 看 Luxe 或者 Luxe3D ",劍心,6,2,5
2021-03-26,15:58:03,"還 不錯 ， 無 冷場 打好 ， 打滿 ， 
 看 了 不會 想 睡覺 ， 熱血 。 ",凡人,5,3,5
2021-03-26,16:45:18,場面 、 特效 、 打鬥 都 算是 頂尖 規模 了 吧 ！ 尤其 戰鬥 時 的 運鏡 流暢 華麗 ， 看 得 爽度 非常 高 ！ 為了 更 扎實 娛樂 效果 ， 必然 會 犧牲掉 劇情 ， 個人 覺得 劇情 單純 並 不 影響 品質 ， 本來 就是 來 看 爽片 不 是 來 看 深度片 的 ， 有 這 種 規模 的 特效 已經 誠意 十足 了 ～ 大家 就 別 太 糾結 劇情 了 ， 至少 不 爛 ,Patrick,40,37,5
2021-03-26,19:37:54,以 從小 看 恐龍片 到 大  就 這 齣 而言 滿分 100   我 給 95 （ 扣 5 分 沒有 哥吉拉 出場 音樂 ）   太 好看 了   機械 哥吉拉 打鬥 動作 很 流暢    劇情 不會 很 無聊   總而言之哥 吉拉迷 不可 錯過 的 一 部 電影 ,風嶼,10,4,5
2021-03-26,21:13:00,請問 🈶 ️ 哪 位 大大 知道 金剛 一 出場 的 音樂 叫 什麼   清幽 的 音樂   很 好聽 但 找 不 到 歌名 ,NEIL,3,2,5
2021-03-26,23:10:23,"說真的 整 部 劇情 很 單一  
 打鬥 畫面 很 爽 沒 錯 ， 就 是 爽片 
乾 可是 我 看到 覺得 很 無聊 . . . . . 如果 故事 更多 刻畫 一些 人 與 人 的 關係 ， 或是 夾雜 一些 情感戲  
 我 都 覺得 幫 這 部 更 加分 ， 不然 乾   跟 來到 動物園   在 家 看 國家 地理 頻道 很 像 . . . . .  
 動畫 特效 給 1000 分  
 劇情   滿分 10 分   真的 就 6.8 ",育瑋 郭,12,22,3
2021-03-27,00:45:08,比 想像 的 好看 ， 有 劇情 的 ， 但 還 是 一 部 爽片 ,把握當下,4,3,4
2021-03-27,02:03:28,前 半 段 有點 悶 ， 但是 後 半 段 超 精彩 ， 整體 來 說 是 一 部 很 不錯 的 爽片 。 ,陽光代言人,3,4,5
2021-03-27,02:03:41,鋪梗 有點 小 冗長 ， 但 怪獸 大戰 真的 爽 ， 結局 也 猜 不 到  👍 ,冷靜,8,3,5
2021-03-27,05:19:26,"沒 彩蛋 是 因為    版權 到期   傳奇 只 跟 東寶 買 3 集 的 版權   所以 沒有 下 集 後續   
 之後 就 要 看 傳奇 跟 東寶 如何 談 版權 再 續約 的 問題 了 
 沒有 哥吉拉 BGM  也 是 因為 版權 問題    東寶 不 賣    當然 不會 有 哥老 的 專屬 BGM
 只 能 說 是 遺憾 ",名雲,4,7,5
2021-03-27,08:22:21,"整 個 系列 最 好看 的 一 集 ！ ！ 
 衝 著 哥吉拉 去 看 的 ~
 但 有點 被 金剛 圈粉 了 . . 呵呵 ",IF..,4,3,5
2021-03-27,08:33:35,真的 不錯 看 ， 電影 結束 後 根本 沒 彩蛋 ， 被 唬爛 了 ,小宏,5,4,5
2021-03-27,09:04:54,很 精彩 ， 絕無 冷場 ～ 對戰 的 畫面 很 猛然 ,Drew,5,5,5
2021-03-27,13:24:17,幾 場 對決 都 是 爽快 到底 ! ! ! ! 最終 決戰 更 是 精彩 . . . . . 走出 戲院 覺得 痛快 ! ! ! ! ,阿豪,6,4,5
2021-03-27,13:53:11,"爽片 
讚

 兩 強 打架好 爽
 兩 強 打架好 爽
 兩 強 打架好 爽
 兩 強 打架好 爽 ",willy,4,4,5
2021-03-27,14:23:44,"就 是 在 看 爽片 而已 ， 人類 的 劇情 有點 多餘 … 
 第二 集 劇情 比較 流暢 的 感覺 ， 第三 集 還好 劇情 並 沒有 很多 ， 打鬥 部分 比 二 還 多 ， 蠻 爽 的 ～ 希望 有 4 … 畢竟 好像 沒 什麼 泰坦 巨獸 了 … ",廷融。,7,6,5
2021-03-27,15:30:35,一定 要 前往 電影院 觀看 才 能 感受到 這些 巨獸 、 世界 的 浩大 ! !IMAX 更 佳 ~~~ ,BbLove,6,4,5
2021-03-27,15:58:40,超越 環 太平洋 的 神作 ， 看 不 懂得 大概 是 威漫娘砲迷 ,民真嘆-柯男,24,28,5
2021-03-27,16:12:20,劇情 老套   這 部 片 我 只 能 打到 3.6 到 3.8 顆   如果 不 看 劇情 只 看 打鬥   會 是 一 部 爽片   還是 一樣 有壞 的 人類 老鼠屎   搞 破壞 的 永遠 是 人類   而 不 是 怪獸   整 部 片 的 主軸 環繞 在 回家 這 兩 個 字 上面   這 部 片 說白 了 就 是 金剛 返 家 記   只是 返 家 的 路程 上   多 了 哥吉拉 ( 本能 ) 跟 機器 哥吉拉 ( 人為 ) 來 搗蛋   原本 金剛 是 被 人類 關 在 骷髏島 上   只要 不 出島 就 不會 被 哥吉拉 打   偏偏 壞人 故意 用 某 種 裝置 ( 感覺 會 發出 泰坦 怪獸 聲波   跟 怪王 2 那 個 裝置 一樣 ) 吸引 哥吉拉 到處 搞 破壞   讓 守護 金剛 的 人類 誤以為 情況 危及   必須 趕快 讓 金剛 出島 回 老家   孰 不 知 這 一切 都 是 一 場 陰謀   壞人 需要 金剛 老家 的 礦石 來 當做 機器 哥吉拉 的 能源   才 會 不惜 成本 免費 送 金剛 回家  哥吉拉 其實 不 壞   只是 臉 長 得 兇   喜歡 打架 佔 地盤 而已   大家 都 看錯 他 了   其實 最 壞 的 還是 人類   另外 劇 中 小女孩 跟 金剛 相處 的 方式 有點 像是 ET 或 大黃蜂 獨立 電影 的 設定   都 是 有 個 可憐 小孩 遇到 怪怪 的 人 ( ? )   而且 從 金剛 的 老家 中 的 一些 東西 ( 石門   暴風斧 ?   跟 地上 鑲崁式 行動電源 ) 以及 跟 小女孩 的 相處 方式   可以 得知 金剛 其實 是 具有 一定 程度 的 智慧   或者 曾經 有 個 古代 文明 是 專門 侍奉 金剛 族群 才 有 那 把 爆風斧 也 說不定   另外 哥吉拉 的 打鬥 方式 也 不再 侷限 在 只 會 噴射線 跟 甩 尾巴   在 電影 中   妳 可以 把 哥吉拉 想像成 大型 哥模 多 巨蜥 那樣   地面 爬行 跟 用 爪 畫傷 金剛   都 跟 蜥蜴 差不多   機器 哥吉拉 ( 很 醜 ) 打鬥 場面 讓 我 想到 環太平洋 的 吉普賽 流浪 者 在 打 怪物   人類 劇情 是 可以 不用 看   專注 在 打鬥 跟 金剛哥 吉拉 的 內心戲 就 好 了   最後 哥吉拉 離開 和 金剛 漸 行 漸 遠 的 鏡頭 讓 我 覺得   我們 的 世仇 算 結清 了   以後 大家 就 各 過 各 的 吧   你 當 你 的 地 底 王   我  哥 吉拉 稱霸 地面 ,阿全,5,26,3
2021-03-27,16:35:33,"一 個 字 爽    《 回家 》 

金剛 跳到 航空母艦 上 有夠 帥 ",神氣貓,9,5,5
2021-03-27,16:56:15,"看過 有史以來 最 強 的 特效 了 
 磅礡 的 氣勢   震撼 的 視覺
 找 不 到 不 給 5 顆 星 的 原因 ",↙＊阿豪〃★↗,9,4,5
2021-03-27,17:09:33,"片名 應該 叫 ，
 （ 哥吉拉 和 金剛 大戰 機械 怪獸 ） 吧 ，   金剛 居然 能 到 地心 得到 能量 巨斧 後 回到 地面 繼續 戰鬥 ，   還 有 一 扇 門 能 讓 金剛 推開 ，   還好 沒有 設計成 能 指紋 開門 功能 ，   最後 是 happy ending ",林浩仁,7,9,4
2021-03-27,17:40:14,覺 的 很 悶 是 正常 的 嗎  覺 的 不 好看 ... ,歹丸,10,45,1
2021-03-27,17:40:41,機械 哥吉拉 就 是 經典😭  期待 下 一 部 ,*寶貝小邱*,7,4,5
2021-03-27,18:14:12,身為 哥吉拉迷 ， 真的 很 榮幸 能 看到 兩 大 經典 怪獸 的 對決 ， 真的 很 棒 ， 小小 遺憾 就是 沒有 經典 配樂 ， 應該 還 會 再 刷 個 兩 到 三 次 ， 票房 的 支持 才 有 機會 繼續 看到 哥吉拉 在 大 螢幕 繼續 發展 ! ,威宏,32,12,5
2021-03-27,18:16:32,荒謬 的 劇情 ， 第一 次 看 電影 看到 睡著 … … !  比較 適合 小朋友 看 … … ! ,ang,7,56,2
2021-03-27,18:35:16,戰鬥 場面 多 ， 好看 ， 沒有 多餘 的 劇情 ,manter,5,6,5
2021-03-27,19:03:33,"請問 有 人 可以 分享 4 dx 4d ,   的 差異 嗎 ？ ",光灝,2,4,5
2021-03-27,19:35:11,這 次 對 打 畫面 變多 這樣 才 有 看頭 ， 上 一 部 哥 及 拉 對戰 青眼 白龍 對打 畫面 少 ,于,7,4,5
2021-03-27,19:55:53,結局 是 可 預料 的 畢竟 一 隻 猩猩 怎麼 可能 贏 的 了 吸收 輻射 的 對手 ,￡小×鬼﹏,9,7,5
2021-03-27,20:16:00,桃園 新光 影城  LUXE-3D 真的 讚 ！ （ 反派 機哥 100 分 ！ ( ≧▽≦ ) ,阿維哥,5,7,5
2021-03-27,20:18:31,好看 ！ 從頭到尾 都 精彩 ， 小妹妹 演技 非常 棒 ,鼎鈞,73,12,5
2021-03-27,21:23:05,請問 一下 去 桃園 新光 影城 看 電影 看  LUXE-3D廳 做 第幾 排 比較 好 ,華升,7,6,5
2021-03-27,21:27:43,哥 ， 你 不要 再 誤會 我 了 。 說 好 不 打臉 的 你 還 打⋯ ,Elise C.,9,5,5
2021-03-27,22:05:47,很 棒 ! 打鬥 畫面 超 刺激 的 ， 看 牠們 合作 殺掉 機械 哥吉拉 時 ， 真的 超爽 的 ， 很 好看 ! ! 尤其 是 金剛 的 神情 很 細膩 ， 不耐煩 時 還 會 翻 白眼 ， 真的 很 可愛 ! ,JILL,8,15,5
2021-03-27,23:05:14,劇情 什麼 的 不 知 到 在 演 什麼 ， 人類 演員 每 一 位 都 像 在 跑 龍套 ， 完全 沒有 重點 ！ 但 看到 怪獸 大亂鬥 就 是 爽 啦 ！ ！ ！ ！ ,艾瑞克,37,38,5
2021-03-28,00:13:18,爽片 嘛 ， 劇情 細節 交代 一定 比較 隨便 ， 不用 抱 期待 ； 但 看完 真的 過癮 ！ 非常 爽 ！ 值得 一 看 ！ ,Barry,7,7,5
2021-03-28,00:14:57,爽片 ， 好看 ~  比 預期 的 精彩 ， 無 冷場 ， 有 劇情 、 感人 、 科幻 還 有 刺激 的 打鬥 畫面 ， 動畫 特效 做 的 不錯 ~ ,月色泛燃,8,9,5
2021-03-28,00:25:43,還 沒 看到 爽片 就 先 給 五 顆 啦   小時候 看到 大 的 兩 隻 怎能 不 推 呢 ,Mr.yo,7,7,5
2021-03-28,00:44:46,超 好看 的 ， 決無 冷場 ， 劇情 讓 人 摸不透 ， 很 有 創意 ,Juju Huang,15,7,5
2021-03-28,01:00:47,就 爽片 . . . 不可 要求 劇情 . . 因為 實在 牽強 、 不 合理 、 太 唬爛 .. ,Mr.Terry,13,21,3
2021-03-28,05:46:11,"個人 不 喜歡 「 無腦 爽片 」 
 看 了 這 部 有 不同於 單純 只 想 進去 看 特效 的 想法 
 看完 反而 出現 滿滿 的 既視 感
 對應片 中 的 「 金剛 與 哥吉拉 」 
 現實 中 台灣 最近 很 紅 的 
 「 綠鬣蜥 議題 」 
 這 兩 者 之間 的 關聯度 在 哪 
片 中 後段 ， 金剛 掉落 在 一 個 
 「 疑似 失落 的 恐龍 世界 」 
 包含 一 群 人 乘坐 的 飛行器 
 也 跟著 飛 了 過去 ，
 接著 金剛 立即 跟 某 變種 飛龍
 打 了 起來 ， 按照人 設 
 飛行器 裡 的 人類 也 是 站隊 金剛 這邊 
 砲火 對準 了 變種 恐龍 ， 接著 恐龍
 受到 攻擊 被 金剛 擊退 後 
 金剛 吃掉 了 恐龍 。 
 生態系 因為 人類 的 站隊
 不管 是 片 中 發生 的 狀況 
 或是 現實 中 。 
 「 同樣 都 會 造成 農作物 傷害 的 」 
 「 台灣 獼猴 與 綠鬣蜥 」 
 我們 對於 綠 鬣蜥 的 態度 就 是 
 「 能 移除 就 移除 ， 死掉 就 算了 」 
 但是 現在 「 已 非 保育 動物 的 台灣 獼猴 呢 」 
 農民 放 個 毒餌 
 什麼 動保 團體 啦 ， 衛道 人士 啦 
 流浪 動物 協會 啦 ， 什麼 組織 啦 
 鄉民 啦 ， 網友 啦
 「 獼猴 好好 的 為什麼 要 毒死 ？ 」 
 「 猴子 只是 調皮 為什麼 要 殺 他 」 
 然後 反觀 那些 放 水 流殺 了 也 沒 人 
 同情 的 綠鬣蜥 表示 ⋯⋯
 長 得 像 恐龍 錯 了 嗎 ？ ",erg,7,42,2
2021-03-28,09:34:45,真心 覺得 配角 好 吵 . . . . 東 湊 西湊 的 劇情 ！ ,○,10,28,1
2021-03-28,10:05:00,其實 並 不 好看 ， 中間 有 一 段 真的 很 想 睡 ,熊嬤,17,26,2
2021-03-28,12:20:30,雖然 看 之前 就 知道 是 爽片 ， 但 人類 方 的 劇情 真的 很 難看 ， 沒有 怪獸 之 王 好看 ， 機械 哥吉拉 算是 最 期待 的 ， 但 設計 的 有點 醜 ， 金剛 比 預料 的 更多 生動 的 表現 ， 打鬥 爽度 還 不錯 ,OtaKu犬,6,6,4
2021-03-28,13:04:34,看 打鬥 場面 就 是 爽   打爆 機械 哥吉拉 ,陞泉,8,8,5
2021-03-28,13:11:02,"比 想像 中 還要 好看 
值 回 票價 
劇 中 有情 有 淚 ",馮,9,15,5
2021-03-28,14:49:29,扣 1 顆 星 ， 是 因為 女 主角 胸部 太 小 ， 都 沒 在 篩選 演員 的 嗎 ！ ？   扣 另 1 顆 星 ， 是 因為 金剛 不 夠 暴力 、 血腥 ， 感覺 像 娘砲 一樣 👎 ,慶仔,13,62,3
2021-03-28,15:27:45,真的 就 是 爽片 ， 我 中間 一度 睡著 ！ ,光,6,21,3
2021-03-28,16:26:56,真 好看 ， 怪獸片 就 是 要 打打打 ， 爽度 才 會 爆表 ， 怪獸片 就 不要 再 演 甚麼 內心戲 了 。 ,john,10,6,5
2021-03-28,17:09:37,非常 值得 看 大 螢幕 ， 拳拳 到 肉 的 怪打怪 ， 哥吉拉 的 招牌 雷射 噴到 爽 。 人類 的 戲份 好像 可 有 可 無 ， 但 其實 也 是 劇情 的 重要 潤滑 ， 為 巨獸 世界 增添 不少 人情 的 醜陋 和 美好 。 雖然 仍 有 許多 想 挑 骨頭 也 能 挑出 的 不 邏輯 ， 但 以 爽片 為 前提 下 ， 這 部 片 非常 夠 誠意 。 ,拉麵,80,11,5
2021-03-28,17:42:31,"這 集 的 打鬥 真的 是 不錯 啦 , 很 慘烈 , 但 總體 而言 還是 第2 集 怪獸 之 王 好看 , 配樂 也 比 這 部 用心 很多 ( 哥吉拉 登場 沒有 經典 配樂 WTF? ) , 怪獸 宇宙 就 這樣 完結 了 , 有點 空虛 的 感覺 . . . ... ",Emmanuel,28,11,4
2021-03-28,18:05:22,好看 ， 怪獸 打鬥 畫面 刺激 比 前 幾 部 流暢 許多 ， 但 我 還是 睡著 了 ,傑源,7,26,1
2021-03-28,18:06:26,這 部 電影 機械 哥吉拉 下 次 希望 有 機械 基多拉 也 出現 ,jacky,4,8,5
2021-03-28,19:33:18,真心 推薦 ， 非常 讚 ！ 劇情 和 動作 畫面 都 很 突出 ， 也 很 震撼 ,Ryan,3,7,5
2021-03-28,19:46:08,爽片 ～ 劇情 內容 沒 共鳴 ， 想 看 震撼 大 場面 的 可以 去 看看 ,吉祥,3,9,3
2021-03-28,19:56:19,還 蠻 刺激 ， 至少 我 沒 睡著 ， 平常 很 容易 睡著 的 我 ,阿建,3,12,4
2021-03-28,20:09:58,真是 沒 辜負 我 期望 ! 好看 無 冷場 ! ,金金夫人,3,6,5
2021-03-28,21:29:57,打鬥 比 前 3 部 好看   怪獸 出場 時間 也 是 最多 ,0989309065aaaa,7,3,5
2021-03-29,01:30:11,劇情 太 稍嫌 薄弱 ， 一度 看到 睡著 ， 後面 機器人 自己 動 起來 也 有點 牽強 ， 打鬥 場面 是 多 但 無聊 ， 感覺 還是 上 一 集 更 讓 人 激動 ,柳橙汁,10,6,3
2021-03-29,03:45:41,還可以   打鬥 畫面 是 很 精彩 沒 錯 ⋯⋯ ,小B,5,3,4
2021-03-29,05:56:59,全 場 動作 刺激 精彩   值得 去 看 一 次 ！ ！ ！ ,亭宜,3,4,5
2021-03-29,08:02:40,絕無 冷場 ， 爆炸 好看 ， 可以 去 體驗 4D ,OD,7,8,5
2021-03-29,10:11:38,金剛 那 個 開場 也 太 可愛 <3 ， 而且 這 次 的 打鬥 畫面 很 棒 ， 不 像 上 一 部 ， 基多拉 出場 ， 就 一 堆 雲啊霧 啊 . . . 看 的 心 好 累 ； 金剛 格鬥 技巧 100 分 ， 感覺 有 練 過 XD  再 來 不 虧 是 2 位 資深 史前 巨獸 ， 打架 講 武德 ( ? ) ， 贏 了 點到 為止 ， 不會 趕盡殺絕 ,≡Chico˙G≡,18,10,5
2021-03-29,11:33:57,身為 金剛迷 ， 不得不 說 ， 真的 好看 。 毫無 冷場 ！ 喜歡 金剛 ❤ ,❤baby❤,10,6,5
2021-03-29,12:18:33,好看 ， 尤其 是 後面 的 機械 哥吉拉 那 段 ,柏嘉,10,9,5
2021-03-29,12:56:54,"只 能 說 太 好看 了   全 片 無 冷場
 我 是 哥吉拉迷 ~ 但 這 部 片 後 我 愛 金剛 的 人性 ",凌宇,12,8,5
2021-03-29,13:16:07,片尾 沒 彩蛋 ， 片尾 沒 彩蛋 ， 片尾 沒 彩蛋 ， 因為 很 重要 ， 所以 說 三 遍 ,習慣就好,64,10,5
2021-03-29,14:11:43,本來 沒有 特別 偏愛 哥吉拉 或 金剛 ， 但 這 部 片 看完 看來 我 應該 算是 金剛粉 ， 情緒 從頭到尾 都 被 金剛 影響 阿~ 好看 ! ! ,狗妹妹,11,7,5
2021-03-29,16:56:55,看完 只有 爽 ！ 之後 應該 很 難 期待 有 爽片 能 超越 ,邏達,10,11,5
2021-03-29,23:33:19,對 兩 位 大 主角 沒 愛 的 不 建議 去 看 ， 沒 什麼 劇情 ， 純粹 看 動畫 特效 的 ～ ,薛里,12,18,2
2021-03-30,00:25:43,原來 金剛 的 智慧 已經 進化到 能 製作 具 高能量 的 斧頭 還 會 幫 它 充滿 能量 ， 如果 有 下 集 要是 出現 金剛 拿 著 美國隊 的 盾牌 也 不用 太 驚訝 ， 或是 下 集 搞不好 出現 金剛 聯合 哥吉拉 打敗 外星人 拯救 全 人類 ， 鬼扯 劇情 真是 沒 最 扯 只有 更 扯 ， 超爛片 。 ,welson,12,43,1
2021-03-30,00:31:01,除了 怪獸 對戰 外 ， 實在 是 沒 啥 好看 . ... ,小夜燈,10,19,3
2021-03-30,02:02:11,"最愛 哥吉拉
 鐵哥 老粉
 大推 此 片 
 恭賀 票房 破 億 
 再 創 佳績 ",LEO,13,8,5
2021-03-30,02:31:13,"真的 人類 演 的 部分 都 是 自私 的 老梗  
 這 部 就 是 人類 瘋狂 攻擊 哥吉拉
 然後 人類 控制 金剛
 等 兩敗俱傷 機械 哥吉拉 撿 尾刀
 然後 人類 再 向 金剛 求救 跟 哥吉拉 合作 ？ ？ 
 結尾 後 繼續 研究 金剛 ？ ？ 
 （ 真的 沒辦法 當 爽片 ） 
 最 好 的 順序 可 以 機械 哥吉拉 先 出現 、 兩 隻 巨獸 衝突 、 最後 合作 對抗 機械 哥吉拉 ， （ 這樣 演 比較 有 共鳴 跟 爽感 ） ",小白,6,27,3
2021-03-30,02:39:15,怪獸 特效 5 分 / 人類 演技 邏輯 1 分 ,柏瑋,16,8,3
2021-03-30,04:29:41,整體 還 行 ， 但 不如 預期 印象 深刻 與 震撼 ,Jung-Yi He,4,9,3
2021-03-30,05:18:07,從小 看到 大   陪 者 我 長大 的 哥吉拉  金剛 也 很 棒 ! ! ,元傑,73,11,5
2021-03-30,06:43:57,主要 就 是 看 兩 大 獸 打架 ， 這 方面 是 做 的 很 好 很 流暢 ， 比較 差 的 就 是 人 的 部份 ， 有 些 部份 很 怪 ， 整體 而言 是 還 不錯 啦 ！ ,碩辰,12,5,5
2021-03-30,15:09:16,"看完 的 心得 
 沒 什麼 劇情 
 完全 靠 特效 
 如 不 愛 主角 
 千萬 別 去 看 ",複雜的單純,12,19,3
2021-03-30,17:06:57,金剛 可愛 又 有 人性 ， 手指 碰 手指 的 力道 控制 的 很 好 ， 比 手語 時 萌 到 爆表 ， 對打 時 的 招式 也 很 有 個人 風格 。 這 無疑 是 部 只 能 在 大 螢幕 完美 呈現 爽度 的 電影 ， 很 開心 活 在 特效 如此 精湛 的 時代 。 ,塵襲,11,9,5
2021-03-30,17:12:44,爽度 爆錶 . 隨然 很多 不 合理 的 地方 . 但 ! 爽 就 完事 了 ,建瑋,7,9,5
2021-03-30,18:56:26,說真的 ! 沒有 預期 中 震撼 ! 我 覺得 上 一 集 怪獸 之 王 比較 震撼 ,藍天白雲,15,9,4
2021-03-30,19:51:16,"就是 爽片 無誤 ， 劇情 不用 在 意
 看 兩 隻 泰坦 巨獸 打架 很 過癮 
金剛 比較 討喜 ， 卡古錐😁😁 ",Minnie,13,8,5
2021-03-30,22:24:13,雖然 沒有 上 一 集 怪獸 之 王 好看 ， 但是 整 部 片 是 真 的 爽度 爆表 ， 只不過 前面 鋪陳 有 一點 無聊 ， 勉強 給 4 顆 星 ,玟郡,11,11,4
2021-03-31,00:07:43,不用說 了 ， 真的 好看 ， 去 看 就 對了 ！ ,Pei,20,19,5
2021-03-31,11:32:20,完全 只是 為了 打架 而 打架   整 部 戲 沒有 劇情 ,Yun Ching,38,86,1
2021-03-31,12:39:32,我 男友 從不 看 哥吉拉 的 人   看 了 也 說 很 好看 ,雅臻,73,24,5
2021-03-31,18:09:14,"以為 會 是 廢片 ， 殊不知 . . . 我 看 的 好 投入 ！ 
 不知不覺 就 結束 ！ 沒有 冷場 欸 ",TAN,77,17,5
2021-03-31,23:04:01,"爽片 ， 雖 沒 啥 劇情
 但 聲光   特效 動作 都 很 棒 ",根,13,10,5
2021-04-01,08:49:29,爽片 無誤 XD  配上 可愛 的 小 女主   真的 大大 推薦 進 戲院 觀看 ！ ！ ,萬太,67,12,5
2021-04-01,10:17:46,好看 的 唷 ！ 不要 懷疑 ！ 去 看 就 對 ！ ,阿欽,19,12,5
2021-04-01,13:43:19,人類 的 戲 真的 可以 少一點 ， 金金 跟 拉拉 出場 的 戲 好看 多 了 ， 另外 金剛 的 大 棒棒 是 不 是 跟 索爾 借 的 啊 ， 小女孩 長 的 好像 天使 ， 小女孩 哭 的 時候 ， 我 也 跟著 哭 了 ,V,16,10,4
2021-04-01,18:44:46,很 扯 ， 但 這 標題 你 能 期待 多 正經 ， 一直 打 ， 看 這 標題 你 會 期待 都 在 談 內心 世界 ？ 我 真的 覺得 看到 這 電影 標題 ， 還 來 寫 一直 打 很 扯 的 ， 你 確定 你 出門 前 有 記得 吃 藥 ？ 你 看 的 懂 中文 ？ 可憐 吶 ,richard,36,28,5
2021-04-01,18:54:16,劇情 緊湊 ， 場面 特效 很 棒 ， 值得 推薦 ! ,Guang Lin,11,9,5
2021-04-01,23:20:46,還 不錯 看 . . 但 真的 得 選對 電影院 ， 看 4DX 真 刺激 . . 哈哈 ,nike,10,8,4
2021-04-02,01:11:47,真的 TMD 好看 啦 ！ ！ ！ ！ ！ ！ ！ ！ ！ ！ ！ ！ ！ ！ ！ ！ ！ ！ ！ ！ ,楨妮,21,32,5
2021-04-02,06:13:03,近 五 年 唯一 讓 我 2 刷 的 電影 ， 爽度 破表 ， 怪獸 打架 最後 一 集 （ 版權 問題 ） ， 所以 沒有 彩蛋 ， 不用 癡癡 等待 ， ,金,75,16,5
2021-04-02,13:38:56,勝利 的 關鍵 是 因為 那 個 男孩 . . . ... ,黃,5,8,2
2021-04-02,19:43:32,哥吉拉 超帥    猛哥   希希 以後 片長 可以 多半 小時 ,建議柯P打掉花博 蓋回中山足球場,8,7,5
2021-04-02,21:21:34,雖然 覺得 上 一 集 比較 好看 一點 ， 但 娛樂 效果 還是 不錯 ,yun,7,5,4
2021-04-02,21:22:25,這 集 劇情 走向 都 猜 得 到 下 一 步 ， 在  哥吉拉 II ： 怪獸 之 王 ， 因為 摩斯拉 的 犧牲 啟動 最 強 紅蓮 狀態 ， 但 跟 機械 哥吉拉 打架 時 是 因為 劇情 需要 ， 哥吉拉 覺得 機械 哥吉拉 太 弱 ， 所以 要 放 機會 給 金剛 表現 ？ 大綱 就 是 王者 換人 做 的 意思 ， 金剛 就 強 在 那 根 斧頭 ， 就 這樣 沒 驚喜 ， 期待 抱 太 大 看完 後 的 失落感 ... ,Dora,10,23,2
2021-04-02,22:23:23,"原來 是 哥吉拉 跟 金剛 啊 ！ 
 我 還 以為 我 看 的 是 長 得 像 猩猩 的 索爾 跟 環 太平洋 呢 ",captain,9,31,1
2021-04-03,09:16:21,"完全 就 是 爽片 ~ 絕對 要 進 電影院 看 ！ 
 一 堆 人 說 沒 劇情 我 覺得 很 正常 
 這 種 怪獸 打架 是 要 甚麼 劇情 啦 ！ ?
 要 打架 又 要 劇情 你 演 給 我 看看 ? 我 看 你 怎麼 演 ? 
 這 種 簡短 的 劇情 又 配上 大量 的 打鬥 場景 才 是 怪獸迷 真正 想 看 的 ！ 
 想 看 劇情 你 怎不 去 看 小說 ? ",鈞毅,49,37,5
2021-04-03,15:57:57,超級 爽片 ～ 本來 就 不 是 來 看 劇情 的 ～ 笑屎 那些 說 劇情 不 好 的 人 😂 ,〝★ 〞熾天使〝☆ 〞,45,50,5
2021-04-03,17:09:57,爽 ！ 泰坦 巨獸 幹架 ， 人造 機械 巨獸 也 插 一 腳 ！ 三 隻 巨獸 互相 幹架 ！ ,ㄚ偉,10,26,5
2021-04-03,20:59:12,電影 裡 的 香港 超 可憐 ， 淪為 戰場 然後 又 不能 含扣 。 原 以為 有 救星 結果 被 打爆 ， 然後 怪物 就 拍拍 屁股 走人 也 不用 負責 喽 ~~ ,豆豆,9,12,2
2021-04-04,11:13:24,這 是 一 部 續集 電影 啦 ， 看 不 懂 劇情 、 人物 、 組織 的 ， 可以 先 去 看  2014 哥吉拉 2017 金剛 : 骷髏島  2019 哥吉拉 II : 怪獸 之 王 ， 2021 哥吉拉 大戰 金剛 為 此 系列 第四 部 作品 ,靛,18,8,4
2021-04-04,17:39:32,"怪獸 打鬥 很 精彩  
 一定 要 去 電影院 看 ",軒..,12,8,5
2021-04-04,19:36:08,整 部 片 除了 特效 怪獸 打架 外 ， 劇情 膚淺 的 毫無 劇情 可 言 ， 笑點 也 很 弱 ， 吃 粗飽 的 片 ,calvin,20,13,3
2021-04-04,19:54:42,前面 內容 覺得 有點 拖 ， 除了 打鬥 部分 覺得 不錯 外 ， 其他 我 覺得 還好 ， 個人 感覺 吧 ,過路人一號,12,9,3
2021-04-04,21:50:56,"特效 不錯 ， 但 有點 拖 ， 
 沒 劇情 ， 有點 普通 ",家銘,16,18,2
2021-04-05,03:22:13,根本 是 地心 冒險 怪獸片 ， 雖說 是 爽片 ， 不 說 劇情 ， 邏輯 很 奇怪 ， 明明 沒 拿到 燃燒 ， 還可以 自己 模擬 ， 當初 金剛 不 去 地心 ， 香港 也 沒 事 ,nL- AUG-TW,7,16,3
2021-04-05,04:25:46,沒有 邏輯 劇情 可 言 的 一 部 大 片 ， 可惜 兩 個 這麼 好 的 主角 ！ ,ＭM,26,27,2
2021-04-05,16:59:39,"滿足 了 小時候 玩 怪獸 大戰 的 夢想 
 說真的   我 覺得 來 看 這 部 片 就 是 要 看 怪獸 大戰 而已   想 看 演技 內心 戲 的 可以 不 用來 了 （ 一 群 完全 搞錯 看 片 重點 的 傢伙 ） ",問號人,11,6,5
2021-04-05,17:49:56,"爽片 一 部 ， 劇情 對得起 片名 了 。
 如果 你 是 想 看 劇情 佳 、 感人肺腑 、 有 深度片 ， 建議 好好 看看 這 部 片名叫 什麼 ， 真的 就 是 「 哥吉拉 大戰 金剛 」 ok 嗎 ？ ",Ann,9,7,4
2021-04-05,18:15:54,覺得 搞笑 成份 蠻 多 的   很多 情節 有 bug ,阿聖,7,14,3
2021-04-05,19:40:44,"這 種 場面 浩大 的 電影 也 只 有 美國 或 歐洲 拍 的 出來 （ 但是 還是 美國 拍 的 最 好 ） 
 每 一 場 對決 都 很 震撼 ",小羽,19,8,5
2021-04-05,19:50:14,爽片   超爽   值得 買 票 進 電影院 看 的 超爽片 ,阿龍,11,8,5
2021-04-05,20:09:22,打鬥 部分 極為 爽快 ， 劇情 不 拖泥帶水 ， 這 就 是 我 要 看 的 哥吉拉 電影 ！ ,Paul Smith,12,7,5
2021-04-05,20:13:08,我 只 能 給 剛好 及格   整體 上 少 了 一些 故事 情感 ,玟希,13,16,3
2021-04-05,21:48:37,整體 精彩 爽度 報表 ， 沒有 拖延 戲份 。 ,小安,7,11,5
2021-04-05,23:53:56,看 兩 隻 怪獸 打架 . . . . 場面 浩大   動畫 不錯   劇情 很 弱 ,台灣棒棒糖,13,27,2
2021-04-06,16:01:43,"就 是 一 部 爽片 。 
 但是 值得 五星
 因為 真的 很 爽 ， 爽 到 希望 他們 再 打 一 次 ",阿駒,5,9,5
2021-04-06,19:34:53,到 電影院 就 是 要 看 這 種 爽片   有 特效   有 大 場面   小孩 很 愛 ,廣海,13,8,5
2021-04-06,23:45:54,好看 又 非常 震撼 哥吉拉金剛 合作 打 機械 哥吉拉 ,楊,5,15,5
2021-04-07,11:00:22,傳奇 哥 太 帥 了 ， 只 給 五 顆 星 太少 了 ， 哈 哈 哈 ！ ！ ,敏弘,10,11,5
2021-04-08,09:41:38,"哥吉拉 大戰 金剛 真的 有 創新 又 好看 


 很多 人 說 劇情 ， 道 低 有沒有 認真 看 。 導演 把 "" 金剛 "" 北極 是 地心 的 入口 ？


 地球 地心 世界觀 ， 給 拍出來 



 哥吉拉 的 神秘 海域 "" 亞特蘭蒂斯 "" 加上 電影 配樂   重新 翻新 



 美版 "" 哥吉拉"" 系列 四部曲   難以 超越 ",星羽,6,15,5
2021-04-08,13:12:37,好看 ， 準備 二 刷 ， 連 我 不 愛 看 怪獸片 的 女友 都 說 要 看 第二 次 ！ ,士賢,14,12,5
2021-04-09,12:07:43,很 好看 哥吉拉 跟 金剛 打鬥 的 畫面 非常 震撼 ,Ken 黃,6,2,5
2021-04-09,21:27:04,好看 欸 ， 這樣 的 票價 中信 185 元 有夠 超值 ， 屏東 國賓 萬歲 萬歲 萬萬歲 - ） ,CHIU TAI YUAN,5,4,5
2021-04-09,22:39:01,沒有 預期 中 的 好看 . . . . ... ,婕,14,10,3
2021-04-09,23:27:03,這 片子 好看 在 哪 。   不 懂 . . 浪費 了 電影 票錢 ,斌煌,11,20,1
2021-04-10,00:09:38,太 厲害 了 ， 劇情 很 精彩 ， 完全 超乎 想像 ， 哥吉拉 和 金剛 都 超帥 ！ 大 螢幕 看 超爽 ， 看完 立刻 想 買 一 件 哥吉拉 和 金剛 的 t-shirt  ！ ,pinoko,4,5,5
2021-04-10,09:29:44,超讚 的 啦 ！ ！ 戰鬥 畫面   、 劇情 、 張力 都 很 棒   ！ 哥吉拉 還是 最 強 泰坦 霸主  👍👍👍👍👍👍 ,shinshin,4,6,5
2021-04-10,14:54:11,"值得 花錢 買 票 進 電影院 看 大 螢幕 , 雖然 以後 電視 也 會 上映 , 但 不 敢 開太 大聲 , 怕 吵到 鄰居 , 二 輪 電影院 上映 時 , 我 還 會 再 去 看 一 次 ",JungHsien,3,5,5
2021-04-10,16:17:33,唯一 最 值得 用 4DX 看 的 電影 讚， 3D 的 部分 可以 不用 ,明良,7,4,5
2021-04-11,00:44:10,"有 劇情 , 有 打鬥 , 從 一 開始 到 結束 都 沒有 冷場 , 我 從 第一 集 看到 第三 集 都 沒 失望 , 比 日本人 拍 得 好 太多 了 ",三島平八,16,5,5
2021-04-11,11:26:12,電腦 動畫 真的 沒 話 講 ， 是 哥吉拉 和 金剛 等 獨立 電影 裡面 ， 動畫 水準 最 高 的 一 部 ， 只 是 感覺 片長 有點 短 ， 不 算 後面 的 跑字幕 差不多 只 有 1 小時 45 分 就 結束 了 ， 然後 最 不能 接受 的 航空母艦 乘載 兩 隻 怪獸 ， 別 說 兩 隻 就 連 金剛 也 載 不 動 ， 電影 真的 太 唬爛 了 ， 如果 是 用 貨櫃 輪船 運載 才 合理 呀 ， 比如 長賜 輪 ,綠蠵龜,2,5,4
2021-04-11,13:45:30,已經 買 了 四 隻 哥吉拉 ！ 看完 這 部 電影 ， 決定 買 一 隻 金剛 ！ ,想念的季節,7,2,5
2021-04-11,16:37:00,準備 二 刷 ， 好 有趣 的 電影 . . . ... ,我是好命人,6,4,5
2021-04-11,17:26:52,怪獸 對打 爽片 ， 特效 好看 ， 劇情 普通 有些 地方 模模糊糊 就 帶過 。 ,雄,6,5,4
2021-04-12,05:25:47,我 個人 覺得 好看 . . . . . . . ... ,yu,12,4,5
2021-04-12,06:05:00,不錯 ， 各 方面 都 有 一定 水準 ， 特效 尤其 佳  。 ,twenty,13,3,5
2021-04-12,06:58:22,動作 場面 緊張 刺激 ， 美術 表現 不錯 ， 演員 演技 OK ,edward,10,2,5
2021-04-12,07:16:04,前 1 個 小時 ， 看到 快 睡著 ， 劇情 實在 不 怎麼樣 ， 和 上 一 部 大戰 三頭龍 的 緊張 感受 相差 太多 。 只要 人 一 出來 ， 就 冷場 ~ 只有 後面 30 分鐘 能 看 ~ ,小賢,12,10,3
2021-04-12,08:20:33,或許 期待度 太 高 ， 看完 電影 似乎 還是 覺得 上 一 集 比較 精彩 ,Chein,10,5,3
2021-04-12,14:43:32,也許 是 期待度 很 高 ， 就算 是 到 巨幕廳 觀看 也 覺得 有點 空虛 。 ,阿哲,5,8,3
2021-04-12,21:20:39,我 覺得 是 近期 最 值得 去 電影院 觀賞 的 作品  ~ ,Ziyo,13,3,5
2021-04-13,17:54:21,看完 覺得 浪費 時間 ， 劇情 老梗 不便 ,西恩克魯斯,6,23,2
2021-04-14,19:40:50,超級 好看   推薦 4D👍  這 次 金剛 真的 好 帥 😊 ,晴,6,9,5
2021-04-15,00:47:06,看 4DX3D 真的 超好看 超玩 👍 ,圓圓,5,7,5
2021-04-15,01:00:15,"超 失望 … … 
 第一 集 很 寫實 ！ 
 第二 集 很 史詩 ！ 
 這 集 完全 變 主題 樂園 ",YSW,15,19,1
2021-04-15,20:36:38,"金剛 超帥   打爆 哥吉拉 
 真的 一定 要 去 電影院 看 
 年度 大 片 不 看 超 可惜 
 劇情 也 是 一流
 真的 不能 只有 我 看到 ",小馬,2,12,5
2021-04-15,23:56:22,特效 做 的 好 ， 人類 的 戲份 也 不錯   … ,len,11,1,5
2021-04-16,00:50:33,雖然 劇情 吐嘲 的 點 太多 ， 但 就 商業 爽片 的 定位 來 說 的 話 完全 有 達到 爽片 的 水準 ， 兩 隻 怪獸 打架 的 場面 很 精彩 ， 不管 是 揮拳 還是 撞擊 的 力道 ， 隔 著 螢幕 都 感受 得 到 ！ ,Yayi,9,1,4
2021-04-16,17:55:16,"爽片 一 枚 
 但 哥吉拉 瞬間 變 得 超靈敏
 還 以為 金剛 會 用 他 的 速度 致 勝
 這 級 把 哥吉拉 變 得 太 快 了    很 假
 不過 爽片 嘛 ! ! ",Yen-J.,4,0,4
2021-04-16,23:55:38,老實說 整 個 影片 大概 只有 接近 4 分 。 劇情 的 緊湊性 跟 疊加感 沒辦法 跟 2 比 。 不過 身為 怪獸迷 。 幫 他 補 了 1 分 。 必須 很 真實 的 說 是 因為 個人 喜歡 才 彌補 上 。 ,薩爾瓦多,2,3,5
2021-04-17,11:04:24,劇情 爛 到 爆 ， 只 有 特效 和 打鬥 場面 可以 看 。 ,酷翔,11,25,2
2021-04-18,00:39:06,是 部 爽片 ， 熱血 又 刺激 ， 沒有 冷場 ,￡╭小律〞〜★∘,15,3,5
2021-04-19,10:05:58,爽片 無誤 ， 可以 盡情 期待 大 場面 、 大 特效 、 大聲 地 聽到 怪獸 的 嘶吼 跟 爆破 ! ,ED,5,0,4
2021-04-19,19:48:42,老調 重彈 的 電影 ， 特效 、 戰鬥 、 聲光 、 劇情 都 感覺 不 到 這 是 2021年 的 新片 ， 根本 浪費 大 螢幕 和 7 聲道 環繞 音響 ， 虧 戲院 排 那麼多 場次 ， 連環 太平洋 、 侏羅紀 系列 都 比不上 ， 恐怕 都 被 宣傳 騙 的 吧 。 ,DD,2,18,2
2021-04-22,05:40:45,爽 ! 很 真實 的 兩 大 巨獸 ! 打鬥 震憾 好看 ! ,GG,6,1,5
2021-04-22,22:39:23,"情感 及 故事線 主要 都 放 在 金剛 ， 反而 哥吉拉 有 種 退居 配角 的 感覺 
 打鬥 場面 依舊 相當 震撼 精彩 ， 不過 人類 劇情線 真的 很 糟糕
 結局 的 關鍵 也 處理 得 十分 可惜 ！ ",夜空の熊,2,1,3
2021-04-24,20:18:15,不 多 說 ， 這 部 就算 你 是 不 懂 怪獸片 。 或者 從來 沒有 看過 前 兩 集 哥吉拉 電影 ， 或者 僅僅 只有 看過 金剛 骷髏島 的 任何 觀眾 們 ， 這 次 劇情 的 塑造 都 能 讓 你們 看 得 下去 。 這 回 的 導演 亞當 把 怪獸 的 武打 場面 拍 的 不錯 ， 如 要 認真 講起來 哥吉拉 與 金剛 兩 隻 怪獸 的 決鬥 ， 和 最後 機械 哥吉拉 的 二 打 一 廝殺 橋段 ， 完全 不 輸給 DC 和 漫威 英雄 的 科幻 武打 。 我 為 了 要 再 看懂 第一 次 看 不 明白 的 武打 場面 ， 都 甚至 為 此 二 刷 起來 。 ,帥哥,5,2,5
2021-04-26,13:40:58,"怪獸 宇宙 四部曲 中 最 好看 的 一 集 
 怪獸 大戰 超爽 ， 4DX 觀影 猶如 遊樂園 般 好玩 ",猴子,8,1,5
2021-04-26,17:37:10,是 哥迷 的 我 ， 真的 是 從 期待 到 . . . . . . . . 看完 不 想 再 看 下 一 部 作品 ， 這 部 GG 了 . . ... ,g6130,5,14,1
2021-05-08,11:20:50,看 了 真的 不 後悔    大推 一 波 66666 ,lo,1,0,4
2021-05-09,11:19:08,劇情 很 爛 、 莫名其妙 、 匪夷所思 、 雷神 戰斧 都 出來 了 ， 打鬥 跟 特效 還可以 ,請動動手給個評價一定回評感謝,0,3,3
2021-05-09,18:27:49,只 能 說 ， 真正 的 救世主 ， 是 那 位 聾啞 小 妹妹 ,df,1,0,4
2021-05-11,00:48:05,超 好看 的 爽片 ！ 壯觀 ， 特效 酷 ， 也 有 情感 ,麗雪,2,0,5
