2020-10-30,11:26:24,真的 太 好看 了   一定 二 刷    尤其 最後 真的 很 感人 ,佑赫,34,75,5
2020-10-30,12:30:36,沒 帶 面紙 真的 是 失策   整 場 大爆哭   尤其 後面 半 小時 … 到 片尾曲 結束 都 捨不得 離開 座位 ,悠悠,19,41,5
2020-10-30,12:48:50,超 感人   可樂   爆米花 不一定 要 有   但 面紙 記得 帶   散場 全部 的 人 都 等到 最後 一 刻   真的 捨不得 ,ㄚ翰,23,54,5
2020-10-30,13:40:03,"看 新竹 巨城 早場 ， 原本 以為 人 很多   但 沒想像 的 多 或許 是 平日 早上 
 對 動畫 電影 一直 是 抱持 不 上 影城 ， 只 等 下檔 找 網路 來 看
 看到 日本 那 個 票房 與 網路 一些 心得 想說 閒閒 沒 事 去 看 
 哭 點 很 高 的 我   在 後面 鼻頭 的 酸 不 是 普通 可以 形容   我 想 很多 人 都 會 被 逼哭  
 炎柱 與 母親 的 對談到 現在 還 讓 我 印象 深刻   現實 是 不 是 就 該 如此 才 美好 呢 ? 
 在 考慮 要不要 在 二 刷      最後 想 跟 各位 說   這 部 真的 是 部 好 電影   真的 好看 
 記得 帶 面紙 ， 不要 戴 隱形眼鏡 ",隨無飄渺,35,74,5
2020-10-30,13:59:23,感謝 幽浮社 ， 感謝 配音員 ， 感謝 LISA ， 成就 經典 動畫 ！ 謝謝 鱷魚 老師 雖然 篇章 不 長 但 會 永垂不朽 的 ～ ,F1,28,61,5
2020-10-30,14:42:53,"太 感動 了 ～ 這 部 真的 是 神作
 一 刷 二 刷 三 刷 ！ ！ ！ ",暉暉仔,14,25,5
2020-10-30,15:09:36,動畫 還 沒 看   未 看 先 猜 絕對 好看    上 弦 三粉絲 報到 ,菲,21,48,5
2020-10-30,16:02:33,"太 感動 了 一定 二刷三刷
 記得 要 帶 衛生紙 ",dffwexx,11,17,5
2020-10-30,16:49:04,太 感動 了 啦 ！ 一定 要 二 刷三刷   記得 要 帶 大 包 衛生紙 ,jfjyfjyrt,14,21,5
2020-10-30,16:57:15,太 值得 二 刷 了 ， 戰鬥 畫面 非常 的 精采 都 不能 錯過 ， 後面 非常 的 精彩 ， 大家 有空 去 看 ,李,19,37,5
2020-10-30,17:00:53,看完 大爆哭   嗚嗚 嗚嗚 嗚嗚   後勁 很 強   一直 流淚 ,QQ,19,36,5
2020-10-30,17:12:45,值得 再一次 二 刷 ！ 真的 太 好看 了 ， 衛生紙 要 帶 多一點 ,花哥,19,40,5
2020-10-30,17:17:48,大哥 沒有 輸 ! ! ! ! ! ! ! ! ! ! ! ! ! ! ,瑛村,27,56,5
2020-10-30,17:43:59,"很少 看 動畫片 的 我 覺得 超好 看
 沒有 冷場   非常 感人   都 快 哭 了 ~ ",牛,17,37,5
2020-10-30,17:53:58,本來 只是 想 陪伴 孩子 看   沒想到 電影 非常 好看   無 冷場   很 勵志 的 電影   值得 推薦 ,灝灝,30,63,5
2020-10-30,18:02:47,果然 又 是 繼 動畫 19 集 之後 的 一 部 神作 ， 肯定 會 再二 刷 的 ， 其他 的 電影 真的 不如 這 個 ， 大推 啊 ～ ,婷,19,39,5
2020-10-30,18:20:27,好看到 爆炸 ！ 十刷 了 啦 ！ 無論 劇情 、 影視 效果 、 配樂 都 超 震撼 ！ 而且 非常 正 能量 滿 滿滿 ！ 好 好看 ！ ,林林,20,41,5
2020-10-30,21:16:10,"最後 杏壽郎母親 出現 真的 哭爆 ， 杏壽郎 真的 貫徹 母親 給 的 任務 “ 保護 弱小 的 人 ”
 真的 很 受不了 犧牲 自己 的 性命 ， 保護 大家 的 片段 。 
杏壽郎 ， 你 贏 了 。 ",小馬,34,62,5
2020-10-30,22:18:26,十幾 年 沒 看 電影 看到 哭 了   這 部 絕對 由史以來 劇場版 唯一 神作   好看到 炸裂   準備 二 刷 ,霍吉祥,18,43,5
2020-10-30,22:26:23,值得 去 看 ， 好 好看 ！ 燈 開 了 ， 字幕 跑完 大家 才 願意 散場 。 ,°﹑花小雨_×,14,24,5
2020-10-30,22:29:18,感人 ， 值得 一 看 ， 戰鬥 畫面 一流 ！ ！ ！ ,小威,12,17,5
2020-10-30,22:38:47,"雖然 看過 漫畫 知道 劇情 了 ， 可是 炭治郎 哭 得 時候 也 還是 跟著 哭 了 。 
 打鬥 畫面 跟 漫畫 完全 是 不同 等級 ， 超 精彩 很 有 張力 XD
 明天 準備 去 二 刷 ",雯琦,13,16,5
2020-10-30,22:58:59,雖然 看過 漫畫 了 ， 但 特效 跟 對話 覺得 很 不錯 ， 感人 的 地方 讓 我 哭 了 二 次 … 真的 是 很 推鬼 滅粉 一定 要 來 看 的 電影 ， 我 有 打算 二 刷 。 ,Anna,14,21,5
2020-10-30,23:11:25,"太 好看 ， 很 精彩 , 打鬥 很 生動
 劇情 也 感人 ， 也 勵志 ， 雖然 忘記 帶 衛生紙
 但是 眼淚 照樣 不自覺 留下 太 愛 這 部 了 🥰 ",小倩,13,12,5
2020-10-30,23:43:31,劇情 不 多 說 了 ～ 已經 追完 漫畫 ！  但是 我 要 說 配音 動畫 品質 超讚 ！ 音樂 搭配 劇情 ！ 很 喜歡上 弦参 的 招式 的 伴奏 ！ 只 能 說 期待 票房 成績 ！ ！ 我 願意 去 好 一點 的 影廳 再 刷 一 次 ,f,14,22,5
2020-10-31,00:12:52,超 好看 的 ！ ！ ！ ！ ！ ！ ！ ！ ！ ！ ！ ！ ！ ,戴戴,7,9,5
2020-10-31,00:50:45,看完 漫畫 在 去 看 動畫 ， 感觸 更深 ， 超 精彩 ， 絕無 冷場 ！ ！ ！ ,阿白,8,11,5
2020-10-31,01:28:57,"感謝 幽浮桌 、 讚嘆 幽浮桌 , 真的 是 錢 之 呼吸 呀 ! 
 溫馨 提醒 ： 衛生紙 務必 備好 , 我 哭掉 了 二 包
 我 看 的 那 一 場 , 結束 時 大家 都 還 坐 在 座位 上 啜泣 ， 真的 會 哭爆
杏壽郎 ~~~~ ",Anita小公主,10,12,5
2020-10-31,01:31:53,有 看過 漫畫 ， 看完 電影 還是 有為 之 一 亮 的 感覺 ， 劇情 流暢 、 配樂 好聽 、 打鬥 畫面 超燃 ， 真的 很 推薦 ！ 一定 會 在 刷 一 次 ！ ,eric811108,10,11,5
2020-10-31,01:50:09,超 好看 ， 當天 立馬 二 刷 ， 炎柱超帥 ， 很 可惜 太 短命 了 ,阿煒,5,16,5
2020-10-31,02:37:12,"嘴平 真的 太 萌 了 啦 ！ ！ ！ 
 我 真的 是 為 了 大哥 來 留言 的 ～～～～～ ",阿嗚,10,11,5
2020-10-31,02:42:18,"超級 好看 ！ ！ 把 漫畫 拍 的 太 好 了 
 經費 燃燒 🔥 ",呆瓜企鵝,14,16,5
2020-10-31,02:53:43,太 帥 了 啊 😭😭😭 整 部 片 很 好 哭 ,KaiZhen,11,11,5
2020-10-31,03:04:20,前面 還 蠻 好看 的 ， 但 認為 後面 有點 拖 ( 可能 習慣 快 轉 XD ) ， 但 整體 上 還是 不錯 的 ～～～ ,ⓚⓘⓝⓖ尻〞×,3,9,5
2020-10-31,04:04:17,畫面 特效 非常 精緻 ！ 而且 每 位 聲優 聲音 都 非常 好聽 ！ 跟 角色 本身 完全 沒有 衝突 ！ 是 聲控 的 人 絕對 會 喜歡 這些 角色 的 聲音 😆 日本 聲優 真的 強 ～ 哭戲 或是 慘叫 吶喊 崩潰 的 聲音 情緒 表達 在 角色 上 充分 發揮 👍 劇情 有笑 有 淚 ， 真的 很 喜歡 煉獄 杏壽朗 這麼 溫暖 強大 的 角色 。 最後 再 說 一 句 … … 煉獄 大哥 才 沒有 輸 ！ ！ ！ ！ ！ 沒有 輸 ！ ！ ！ ！ ！ ( ;´༎ຶД༎ຶ` ) ,漢,13,12,5
2020-10-31,04:26:42,即使 知道 劇情 ， 動畫 的 張力 依然 讓 人 很 有 帶入感 ， 觸動 人心 。 ,cheng,5,8,5
2020-10-31,04:59:57,動畫 確實 ！ 精細 ！ 大哥 陽光 的 個性 。 確實 好看 。 剛 看到 噴說 小孩 看 。 當場 被 圍攻 。 真別 蠢 到 得罪 19 年 霸權 ！ 超越 海賊王 ！ ,花king,8,12,5
2020-10-31,08:24:13,！ ！ ！ ！ ！ ！ ！ ！ ！ ！ ！ ！ ！ ！ ！ ！ ！ ！ ,逸 賴,4,7,5
2020-10-31,09:18:13,"衝 著 炎柱 、 UFOtable 上 電影院   真的 沒有 辜負 我 的 期待 阿 ! ! ! ! 

 炎柱 真的 太 帥 太 帥 了   熱血 灑淚 的 電影 ! ! ! 

 真心 推薦到 電影院 觀賞 ",阿嘟嘟ㄟ～,8,11,5
2020-10-31,09:38:45,"這 是 我 第一 次 網評 ， 因為 實在 太 好看 啦 ！ 動畫 整體 配樂 , 品質 , 人聲 都 做到 位 ， 整 個 影廳 都 是 唾泣聲 ， 非常 勵志 且 感人 的 動畫 ， 強力 支持 五星 ， 希望 票房 能 破 世界 記錄 。 ",先鋒小兵,12,15,5
2020-10-31,09:40:31,"只 能 說 ， 去 看 就 對了 
 絕對 不會 後悔 的 
聲優 ， 劇情 ， 畫面 ， 音效 
 鋪陳 ， 都 沒有 話 說
 看過 動畫 及 漫畫 
 沒有 流淚 ， 但 《 熱淚盈眶 》 ",阿堂,7,9,5
2020-10-31,09:46:05,"神作 ! !   很多 地方 漫畫 都 帶過 而已   電影版 直接 幫 他 把 過程 加上去   完全 完美 
 然後 勸 各位 沒 看過 的 別 來 看 影評   哈哈  衣錠 很多 雷 ",恐龍,6,9,5
2020-10-31,09:59:19,雖然 早 就 看過 漫畫版 . 已經 知道 劇情 . 但是 進 電影院 看 爽度 就 是 不 一樣 ,建瑋,4,10,5
2020-10-31,10:30:05,真的 太 好看 啦 ！ ！ ！ ！ ！ ！ ！ ！ ！ ,俞,4,9,5
2020-10-31,10:51:46,如果說 跟 累 交手 那 段 算 燃燒 經費 的話 ， 那 無限 列車 等於 是 燃燒 了 兩 個 小時 🤣🤣🤣 ,KaiYi,10,10,5
2020-10-31,10:58:25,好看 ， 此 片 是 建立 在 看過 動畫版 或 漫畫版 ， 不然 也 先 找找 懶人包 ， 了 解 一下 人物 關系 ， 跟 性格 ， 在 底下 在 那邊 酸 真是 沒 水準 ， 不 建議 跟 風仔 觀看 ， 不要 再 秀 下限 了 ,奇犽,12,10,5
2020-10-31,11:17:23,非常 好看    電影版 的 張力 跟 漫畫 完全 不 在 一 個 檔次 ,逗點,10,17,5
2020-10-31,12:06:26,表現 得 很 到位 ~ 絕無 冷場 ! ! 我 誠心 推薦給 大家 觀賞 ,ㄚ宏,10,18,5
2020-10-31,12:21:54,太 好看 了 ， 毫無 冷場 後面 超 感人 的 ,國豪,10,14,5
2020-10-31,13:13:48,"超級 好看 我 哭 了 2 次 我們 全 家 
 都 哭 了 ！ ！ ！ ",欣遠,16,26,5
2020-10-31,14:23:54,"太 好看 了 ！ 

 絕對 要 進 戲院 看 ！ 切記 不要 偷錄 哦 ！ ",哲宇,13,21,5
2020-10-31,15:31:31,"劇情 精彩   音樂 好聽   準備 二刷
 然後 看完 電影 時   發現 有 小妹妹 穿成 彌 豆子 的 樣子   好 可愛 ！ ！ ",Leonada,9,10,5
2020-10-31,16:43:52,太 好看 了 ， 後面 很 感人 ~~~~~ ,eric,6,9,5
2020-10-31,18:11:26,後面 很 感動 ， 音效 與 畫面 都 很 棒 ， 值得 推薦 ！ ,矮人,11,14,5
2020-10-31,18:17:33,不管 是 音效 還 畫面   真的 很 棒   很 熱血   有 笑 有 淚   真的 很 好看 ～ ,宇杰,7,10,5
2020-10-31,19:34:03,"無 冷場   音效   畫面 都 很 值得 進 電影院 觀賞 
 後面 真的 很 感傷   記得 帶 面紙 ",花花,5,10,5
2020-10-31,20:04:20,"中間 的 劇情 ~ 感覺 帶 得 有點 趕 ~ 
 或許 是 要 交代 每 個 人 的 夢 中 故事 加上 劇場版 時間 有限 有關
 最後 才 將 劇情 帶 往 一 個 高峰 ~ 
炎柱 太 帥氣 了 ~ ",長谷川天,2,6,5
2020-10-31,20:08:49,比 我 想像 的 還 好看 ， 竟然 比 第一 季 19 集 還 好看 ,eric,8,10,5
2020-10-31,20:15:20,果然 不負眾望 ， 一定 要 看 ！ ！ 畫面感 真的 太 棒 ， 炎柱 真的 太 帥 太 厲害 了 ， 許願 後續 繼續 出 動畫 或 劇場 版💗 ,weN,4,8,5
2020-10-31,20:23:05,"感人   無 冷場   有 質感   好看  
 適合 大人 小孩 一起 看 ",小P,2,5,5
2020-10-31,20:54:33,堅持 沒 看 漫畫 是 對 的 ， 雖然 已經 猜到 結局 但是 還是 邊 看 邊 緊張 ， 片尾曲 的 肖像畫 QQ ,阿郁,4,8,5
2020-10-31,21:36:12,"比 漫畫 好看 兩百 倍 
 可以 二 刷 三 刷 沒 問題 
 我 的 大哥 啊 ！ ！ ！ ！ ！ ",〝 Ｏｈ　ＹＡ〞,6,7,5
2020-10-31,21:46:32,"我 看到 最後 好 難過 都 哭 了 

 實在 是 很 好看 ! ! ! ",紫凡,6,8,5
2020-10-31,21:46:53,"雖然 看過 漫畫 , 但 看 動畫版 卻 減不了 我 觀看 的 興致 ; 動畫版 把 打鬥 畫面 和 劇情 的 細膩度 提高 了 更 高 的 境界 , 尤其 是 後面 炎住 和 上弦參 的 對決 更 是 張力 十足 ! 我 個人 真的 非常 推薦 大家 去 電影院 觀看 ~~~ 但是 , 不要 偷拍 喔 !^^ ",NiNi,11,13,5
2020-10-31,22:04:42,從來 沒 看過 鬼滅 之 刃 ， 只 知道 現在 的 小孩 都 在 聊 這些 ， 和 老公 帶 國小 的 孩子 去 看 。 一 開始 挺 擔心 內容 是否 太過 血腥 考慮 了 非常 非常 久 ， 但 又 想說 這麼多 人 帶 孩子 去 看 應該 沒 問題 吧 ! 剛剛 看完 回來 ， 我 只 能 說 ~ 真 他 x 的 好看 ， 天阿 ! 原來 就是 這樣 孩子 才 會 如此 喜歡 ， 我 不 是 很 會 說話 ， 只 能 說 ! 從頭到尾 無 冷場 ， 有 好笑 的 和 感人 的 ， 非常 值得 去 看 ! 我們 也 曾 年輕 過 呀 ! 我們 也 有 童年 時 追隨 的 英雄 。 如果 你 是 當 父母 的 ， 小孩 如果 喜歡 這 類型 的話 ， 千萬 不要 猶豫 了 ， 一定 要 帶 他們 去 看 ~~~~~ 真的 ! ,時尚玩家,34,65,5
2020-10-31,22:06:02,整體 而言 還 不錯 ， 沒 看過 動畫 的 可能 代入感 會 比較 低 可 看 也 可 不 看 ， 但 如果 看過 動畫版 的 人 我 是 大推 ,Jeremy,4,14,4
2020-10-31,22:09:27,真的 超 好看 ， 全程 大家 都 靜悄悄 的 都 不 敢 鬆懈 ， 最後 炭治郎 的 話 真的 是 逼哭 全 場 ,lain,8,11,5
2020-10-31,22:52:35,又 精彩 又 賺 人 熱淚 ， 一定 要 進 電影院 持 ! ! 沒想到 電影 照 著 漫畫 劇情 走 能 做到 這 個 程度 ， 不愧 為 經費 之 刃 ! ,阿速,4,9,5
2020-11-01,00:00:38,"我 已經 看完 漫畫 了 跟 看 漫畫 不同 , 動畫 聲優 給 了 各 角色 靈魂 , 劇場版 是 動畫 S1 的 第27 話 , 沒 看過 動畫 的 之後 應該 會 去 追動 畫 , 明年 S2 也 要 放送 了 , 整 部 作品 無論 是 動畫 本身 或 聲優 選角 都 是 超強
 今天 是 公司 的 電影 欣賞 活動 , 考慮 要不要 買 票 再 看 一 次 ",阿鴻,13,9,4
2020-11-01,00:07:00,"幾乎 沒有 留 過 言 的 我 ， 為了 推薦 鬼滅 來 了 ！ 
好 作品 請 用 行動 支持 。 ",千里草,12,16,5
2020-11-01,00:13:37,今天 終於 把 等 了 一 年 的 鬼滅 之 丒 無限 列車篇 看完 了 ~ 不管 是 音效 還 畫面 真的 很 棒 很 熱血 ~ 有 笑 有 淚 ~ 超 好看 ~~ 中間 ~ 還 有 後面 ~ 被 感動 了 兩 次 哭爆 XD~ 本來 想 忍住 不 哭 的 ~~ 還是 受 不 劇情 的 感動 ! QQ~~ 還 沒 看 的 ~ 趕快 把 動畫版 看完 再 去 看 劇場版 ~~ 期待 趕快 有 第二 季 ~~~ 炎柱 大哥 沒有 輸 呀 ~~>< ! ,絕世非凡悅陵奴,11,16,5
2020-11-01,00:17:26,真的 好看 啊 啊 啊 還 有   ！ 我 大哥 才 沒 輸 😭 ,張簡阿阿阿阿阿,11,11,5
2020-11-01,00:25:39,"真的 超級 推薦 的 
 上 炫 12 鬼 月 之 三 好強
 最後 真的 好 感動   會 哭慘 
炎柱   很 強 。 贏 了 ",建德,14,24,5
2020-11-01,00:29:57,好看   感動   看到 人 的 內在 跟 潛意識    音效 配 的 真 好   真的 很 棒 ,阿May,12,15,5
2020-11-01,00:48:41,超 好看   流下 幾 滴 淚 了   真是 神作 😭😭😭😭 ,小樂,4,7,5
2020-11-01,00:57:07,真的 是 神作 ！ 竟然 有 人 可以 看到 使用 夢 之 呼吸 ， 在 緊張 緊湊 的 氣氛 之下 還可以 打呼到 影廳 內 的 人們 議論紛紛 使 我 無法 專心觀影 ， 讓 我 必須 要 二 刷 來 好好 認真 的 看 完整 啊 ！ ！ ！ ！ ！ ,志祥,12,20,5
2020-11-01,02:29:55,馬的   說 漫畫 有 什麼 好 哭 的 ， 乾 到 後面 炎柱 哭到 稀哩 嘩啦   全 場 窸窸 窣窣 的 掏 衛生紙 ， 超靠 北 ⋯ ,艾佛瑞,16,21,5
2020-11-01,02:58:23,"只有 好看 ， 沒有 其他 了 
 就 是 神作 阿 ！ ！ ！ ",綠茶好喝,11,13,5
2020-11-01,02:59:20,"炎柱 大哥 真的 值得 我 二 刷 啊 ！ ！ 
 配樂 也 真的 讓 人 猜不透 超級 驚訝 ！ ！ ",科均,7,10,5
2020-11-01,04:17:32,神作 中 的 神作 ！ 我 愛 炎柱 ！ 戰鬥 畫面 有夠 漂亮   不愧 是 經費 之 呼吸 ！ 真的 要 帶 一 大 包 衛生紙 啦   哭到 忘記 自己 欸 ,趙涵,6,10,5
2020-11-01,10:45:53,好好 看⋯ 也 好 感人   後面 整 個 哭 到 不行 😭 ,SHa,5,6,5
2020-11-01,11:51:51,"全 場 坐滿 ， 衛生紙 哭好 哭滿 。 將近 兩 個 小時 ， 都 觸動 著 我 的 心 。 我 沒有 看過 動漫 ， 就 直 衝 著 去 看 🤣 看完 立馬 回去 找 漫畫 回看 。 先 做 功課 再 去 看 ， 感覺 一定 更 不同 。 我 有 可能 是 全 場 最 老 的 🙄 衝 著 日本 牧 者 推薦 善 與 惡 ， 而 去 看 。 雖然 是 劇場版 卡通 動漫 ， 但 我 覺得 真的 回看 很多 遍 ！ ！ 炭治郎 和 杏壽郎 還 有 彌豆子 . . （ 沒有 看到 cosplay 彌 豆子 咬 竹子 的 人 ， 也 沒 穿 羽織 的 🤪 ） 
 反正 ， 不 多 說 ， 與其 問 人 ， 不如 直接 去 看 👍
Ps : 哭慘 了 😭😭😭 ",丞小芳,5,8,5
2020-11-01,11:52:58,今年 最 期待 動畫 電影 ， 沒 辜負 我 的 期待 ， 製作 精良 、 聲優 音效 入戲 、 人物 刻畫 表現 都 極 佳 ， 拜託 幽浮出 第二 季 啊 啊 ！ ,須佐能乎,7,9,5
2020-11-01,12:32:09,我 會 善盡 我 的 職責 ， 在場 的 每 一 個 人 都 不會 死 ！ ！ 燃炸 ！ ！ ！ ,萬太,9,13,5
2020-11-01,13:13:15,空前 盛況 ， 威秀 加開 兩 個 廳 ， 三十 分鐘 一 場 ， 沒有 辜負 我們 的 期待 ， 有淚有笑 又 激燃 ， 我 炎柱 大哥 沒有 輸 ＞＜ ！ ,Tien,13,21,5
2020-11-01,13:20:59,看過 漫畫 再 來 看 ， 還是 要 給 滿分 五 分 的 評價 。 ,承遠,6,11,5
2020-11-01,13:35:17,正體 來 說 好看 是 好看 ， 但是 炭治郎 的 哭聲 是 敗筆 ， 然後 知道 這 部 電影 結束 要 出 玩具 後 覺得 ， 消費 悲傷 的 行為 蠻 明顯 的 ... ,黨證哪裡藏,7,15,5
2020-11-01,15:19:20,好看 ~ 真 好看 ~ 真的 好看 ~ 真的 超 好看 ~ 真的 非常 好看 ~ ,等待~等待直有~等待★╮,4,7,5
2020-11-01,15:19:59,""" 就算 被 自己 的 軟弱 和 無力 擊垮 在 地 ， 你 也 要 燃起 鬥志 咬緊牙關 向 前 邁進 ""
"" 即使 停下 腳步 蜷伸 蹲坐 ， 時間 也 不會 等 你 ， 不會 靠 向 你 和 你 共擔 悲傷 。 "" ",〝★ 〞熾天使〝☆ 〞,10,14,5
2020-11-01,15:42:34,"動畫 流暢度 、 效果 很 讚
 音效 、 情感到 位
 人物 的 描寫 很 細膩
 追完 第一 季 的話 感觸 會 再 升級 ",楓狂翔翼,8,10,5
2020-11-01,15:45:39,炎柱 大哥 ， 實在 是 太 感人 了 ， 炎柱 不能 亡 ， 雖然 漫畫 看完 了 ， 但是 還是 留 著 淚 出來 ... ,志翔,11,16,5
2020-11-01,16:07:43,"熱淚 迎 框   內心 慷慨 激昂 

 完全 想像 不到 下 一 部 的 劇情 走向 ",神氣貓,6,11,5
2020-11-01,16:41:37,"沒 看 漫畫覺 的 好看
 但 要 注意 
 以為 自己 看過 漫畫 就 很 屌 邊 看 邊 爆雷 的 屁孩 ",哥,7,11,5
2020-11-01,16:53:32,"昨晚 把 1-26 集動 慢 一 次 看完 , 今天 中午 接著 去 看 劇場版 ~ 
 真的 好看 ! 推爆 ! ! ! 最後 完全 沒想到 那麼 感人 . . . 期待 之後 的 動漫 ~ ",許小瑋,5,9,5
2020-11-01,17:04:47,看過 漫畫 。 真的 非常 好看 ， 推薦 大家 去 看 ,打完收工～！,71,35,3
2020-11-01,17:20:44,超級 無敵 好看 ！ ！ ！ 建議 要 看 大 螢幕 ！ ！ ,絕,14,19,5
2020-11-01,18:03:46,音樂 和 畫面 都 屬 佳作 ， 喜歡 這 部 電影 傳遞 的 “善 意” ， 以及 面對 離別 時 正確 的 態度 。 ,緋玥,17,30,5
2020-11-01,18:30:48,"熱血 又 感人 ！ 動畫 很 細緻 
 大家 記得 不要 偷錄 也 不要 偷拍片尾發 限 時 唷 
 這 次 日本 很 注重   如果 有 抓到 
 未來 可能 都 不 在 台灣 上映 了 ",詩涵,20,42,5
2020-11-01,18:46:26,歡笑 又 感人 ， 非常 值得 進 戲院 觀看 👍 ,我要樂天ˇ豬仔芳˙ε˙,9,14,5
2020-11-01,21:17:27,"搞笑 卻 又 非常 感人
 動畫 部分 也 做 的 很 細緻 ",雪,5,11,5
2020-11-01,21:51:23,好 久 沒有 進 戲院 看 動畫 了 ~~ 雖然 已經 把 漫畫 跟 動畫 看完 ！ 但是 今天 看完 、 最後 的 二十 分鐘 哭 到 不行 ！ 太 感人 了 啦 ！ ,豆子,6,13,5
2020-11-01,21:53:11,"平心而論   對於 有 看過 動畫 

 但 不 屬於 是   超粉   而言 

 只有   最後   炎柱   對戰 

 是 好看 的 

 前面 有點 無聊 


 如果 你 是 超粉   應該 會 覺得   很 好看 ",小柚,72,49,3
2020-11-01,22:03:40,過程 的 鋪陳 都 很 緊湊   多 了 很多 漫畫 沒有 畫出來 的 情感 堆疊   如果 希望 觀看 品質 好 點 推薦 午夜場   或是 晚點 再 去 觀看 ,楊,5,12,5
2020-11-01,22:11:35,不 小心 太 入戲 會 很 受不了 自己 會 突然 很 莫名 的 哭 了 😫😫 ,薇兒,6,13,5
2020-11-01,22:30:42,之前 看 漫畫 ， 覺得 炎柱 不 太 強 ， 沒 兩 下 就 死 了 。 今天 看完 動畫版 ， 整 個 對 炎柱 超 敬佩 ， 真 男人 ， 帥氣 ,阿乘,15,26,5
2020-11-01,22:55:52,好看 好看 好看 好看 好看 好看 好好 看 ,豆豆,6,15,5
2020-11-01,22:58:55,太 熱血 太 感人 了 啦 ！ ！   二 刷 也 不為過 ～ ,賢,5,13,5
2020-11-01,23:21:03,給 五 顆 星 真的 太少   謝謝 木棉花 讓 台灣 影迷 這麼 快 可以 看到   謝謝 幽浮社 細心 的 製作   頃 一定 要 進 電影院 支持   期待 後續 的 動畫 發展 全部 由 幽浮社 製作   看完 很 感動   滿足   一定 要 再 刷 個 幾 次 🔥🔥🔥 ,ASH,12,22,5
2020-11-01,23:58:12,我 不 是 鬼粉 ， 也 沒 看過 這 部 動漫 ， 但是 … … 因為 人氣 超高 ， 今天 還是 去 朝聖 了 一下 ！ 真的 很 推 ~ 看完 會 有 讓 我 想 從 第一 集 開始 追 的 感動 ! 很 讚 ~ ,妹妹,75,41,4
2020-11-02,00:09:38,"真的 好好看 ～ 雖然 都 知道 結局 ～ 但 動畫 做 的 好 好看 ～ 真的 笑 著 進去 難過 的 出來 ～ 
炎柱 真的 真的 很 帥 ～ 面對 恐懼 也 不要 放棄 ～ ",紋卉,11,15,5
2020-11-02,00:51:55,5星 太少 ， 我 想 跟 6星 ， 漫畫 雖然 看完 了 ， 但是 看 了 電影 還是 哭 了 ... ,Q毛啦...,11,20,5
2020-11-02,01:47:36,可惜 只 能 給 五星 ， 熱血 動畫 看到 哭 ， 真的 很 好看 ,嵐,8,14,5
2020-11-02,01:49:00,"身為 柱   作為 後輩 的 後盾 是 理所當然 的 事 
 身為 柱   是 誰 都 會 這麼 做 ",帥哥  易,11,19,5
2020-11-02,01:52:01,"慶幸 沒 看過 漫畫 ， 帶 著 從 沒 看過 鬼滅 的 女友 一起 去 ， 看完 出來 我 只 問 他 一 個 問題 ， 你 知道 為什麼 這 個 動畫 這麼 火紅 了 吧 . . 
 他 給 我 的 評語 是 ， 咻咻 咻 砍砍 砍 ， 好看 ！ 
 燃爆 .. ",許胖,8,16,5
2020-11-02,02:56:01,"我 真的 沒辦法 用 文字 來 評論 ， 
 我 真的 第一 次 在 電影院 看 動畫片 ， 看傻 了 眼 ， 並 不 是 不 好看 的 傻眼 ， 而是 所有 內容 都 讓 我 太 震驚 了 ， 最後 淚流 不止 聽完 整 個 片尾曲 ， 口罩 沒有 一 處 是 乾 的 。 ",楷崴,19,36,5
2020-11-02,03:03:21,"真的 好看 ！ ！ 真的 超級 感動 的 ！ ！ 
 我 願意 多 刷 幾 次 ",淳,9,18,5
2020-11-02,08:12:14,超 好看 ~ 推爆 ~ 可惜 只 能 5 顆 星 ， 不然 給 10 顆 也 可以 ！ ,忠緯,19,32,5
2020-11-02,08:18:31,超高水準 動畫片 ， 戰鬥 超熱血 ， 劇情 也 感人 ， 讚讚 讚 ,Double NELLY 潮流Vs英倫,18,29,5
2020-11-02,10:34:51,不錯 看 。 不過 這 集 劇情 普通 ， 打鬥 為主 ， 一 堆 小學生 不 知 啥 是 劇情 ， 盲目 護航 ,Justice,121,49,4
2020-11-02,10:54:24,"正 因為 會 衰老 、 死亡 ， 人類 這 種 生命 短暫 的 生物 才 顯得 尊貴 。 就算 被 自己 的 弱小 擊敗 ， 還是 要 咬緊牙關 向 前 邁進 ， 因為 時間 不會 等待 你們 。 
 只要 是 柱 ， 都 會 為了 保護 後輩 挺身而出 ， 從 今 以後 ， 就 要 由 你們 來 擔任 支撐 鬼殺隊 的 柱 。 ",V,29,62,5
2020-11-02,12:15:42,感動 死 ， 音效 配樂 超 震撼 ， 水準 很 高 ， 本來 看 漫畫 還 沒 那麼 感動 的 ， 真的 要 到 電影院 看看 才 能 體會 二 刷 也 願意 ！ 立馬 被 炎 柱圈粉 XD ,Mi,17,24,5
2020-11-02,13:45:54,"好看 死 了 ! ! 
嗚嗚嗚嗚嗚 ~~~~~~
 後面 一直 哭 ",Catherine,8,16,5
2020-11-02,14:01:05,"這 應該 是 我 這 輩子 看過 最 好看 的 卡通 電影 ， 
 給 我 的 震撼 是 漫畫 的 1000 倍 
 都 知道 劇情 了 竟然 還可以 這麼 感動 跟 超乎 意料 的 震撼 ， 真的 是 嚇死 我 了 ， 這 部 電影 一定 會 紅 。 ",大樂,16,37,5
2020-11-02,14:47:20,Nice movie !  You ’ll ex perience a d if ferent life ! ,Yuan,6,17,5
2020-11-02,16:32:36,"很少 登入 留言 ， 為 此 來 告知 想 看 的 人 

 請 先 去 補 動漫 的 進度 再 進場 ， 這 非 獨立 電影 而是 接續 動漫 

 然後 看過 漫畫 的 就 先 別 爆雷 了 

 我 也 看完 全部 漫畫 ， 是 說 漫話 呈現 的 與 電影 帶給 我 的 情感 完全 不 一樣 

 後面 炎柱 的 一些 話 真的 有 被 感動到 ( 我 是 沒 哭 啦 朋友 有 哭 XDXD ) ",素晴らしき世界,17,36,5
2020-11-02,16:57:01,"不 懂 分數 為 啥 這麼 高 ， 
 看 完全 覺得 有 劇場版 的 畫面 ， 
 卻 沒有 劇場版 的 劇情 ， 
 完全 可以 區分為 兩 個 不相干 的 內容 ， 
 前面 打 得 你死我活 ， 
打完 發現 炎柱 畫面 有點 少 ， 
 再 補 一下 畫面 ， 
 前 後面 劇情 完全 不 搭 ， 
 為啥 出場 啥 都 沒 講 ， 
 是 只 求 一 個 結局 ， 還是 補 時間 ? ",AKIRA,173,128,2
2020-11-02,19:29:15,看過 原作 ， 劇場版 把 原作 的 戰鬥 畫面 昇華 到 極致 的 程度 ， 加上 原作 對 感情 的 描繪 ， 劇場版 也 原汁 展現出來 ， 真的 太 猛 了 ， 整 場 看 的 很 過癮 ， 其實 沒 看過 原作 的 也 看 得 懂 ， 只是 可能 會 不 太 熟 主角團 四 人 ， 但 一定 會 認識 炎柱 ， 因為 以 動畫黨 來 說 ， 對 炎柱 的 認識 也 不足 ， 所以 就 兩 小時 內 能 讓 觀眾 認識 炎柱 ， 真的 很 厲害 ， 不用 像 大部分 動漫畫 花 了 好多 集 才 瞭解 一 個 角色 ， 整體 很 滿意 ， 堪稱 今年 最 強 電影 ,子雋,16,26,5
2020-11-02,20:14:25,看 1 ~ 24 集 會 哭 的 . 看 電影版 記得 要 帶 衛生紙 ,ㄚ隆,8,21,5
2020-11-02,20:43:08,最 激動 的 橋段 突然 安靜下來   憋 著 不 爆哭 真的 快 窒息 。 裡面 很多 王道 的 經典 台詞   真的 賺 人 熱淚 ,絕勁,21,45,5
2020-11-02,22:43:06,"整體 來 說 建議 看完 漫畫 或 動畫 再 來 看 劇場 版
 對於 人物 基本 的 認識 很 重要 
 尤其 是 那 四 人 小組 ~~~
 至於 這 次 的 主角  炎 柱
 反倒 是 劇情版 介紹 的 比 動漫畫 還 多 ~~
 整體 劇情 音效 在 大 螢幕 上 看 就是 震撼 
PS : 最後 記得 帶 衛生紙 阿~~~ 快 結局 時 附近 的 人 都 在 啜泣聲 擦 眼淚 ~~~ ",複雜的單純,19,37,5
2020-11-02,23:25:15,"票房 勢如破竹 , 真的 有 其 道理 
 值得 進 戲院 觀賞 
 好看 ~ ! ! ",ji,15,24,5
2020-11-03,01:15:01,我 覺得 真的 好看   打鬥 特效 、 畫風 都 做 得 很 好   很 帥  boss 也 夠 強   有些 橋段 也 蠻 搞笑 的 😂 最後 也 真的 很 感人   主角 跟 炎柱 講話 都 蠻 有 人生 哲學 的   可惜 的 是 沒 什麼 劇情   但 我 覺得 鬼滅 就 是 偏打鬥 特效帥 的 作品   所以 劇情 單薄 其實 也 沒 差😂 ,Eric,22,38,5
2020-11-03,02:06:18,真的 很 好看 也 很 感人 ， 特效 也 很 猛 ， 非常 推薦 ！ ,阿廷,21,43,5
2020-11-03,07:58:40,好看 好看 好看 好看 好看 . . . . . . . . . . . . . ... ,阿,12,19,5
2020-11-03,09:06:58,"好看 ， 尤其 到 後面 炭治郎 在 跟 炎柱 在 說話 那 一 段 真是 太 感人 , 大推 。 ",孫獻鴻,13,23,5
2020-11-03,10:48:19,實在 是 太 好看 ， 看完 一 整 個 很 熱血 ， 有 讓 人 感動 又 心疼 的 細膩 情感 ， 又 有 特效 強烈 震撼 的 畫面 ， 剪輯 接續 又 做 得 非常 到位 ， 這 部 在 各 方面 都 顧及 的 恰到好處 ， 已經 很 久 沒 享受 這 種 樂趣 了 ， 準備 來 二 刷 ,路過人士,18,34,5
2020-11-03,12:01:35,炎柱 我 大哥   ， 會 按噓 的 都 是 死 阿宅 ,彥丞,16,61,5
2020-11-03,13:18:36,中規中矩 的 王道 電影 ， 沒有 拐彎抹角 的 推理 ， 沒有 獨樹一格 的 主角人 設 ， 但是 越 是 簡單 動人 的 情感 ， 越 容易 直接 打動 人心 ～ 鬼 滅迷 必 看 的 電影版 ， 沒 看過 的 人 也 會 被 他 直 球 對決 的 感情 所 打動 ,好吃不黏牙,13,21,5
2020-11-03,13:33:49,沒 看過 漫畫 直接 亂入 看 電影 ， 真的 很 感人 ， 很 熱血 ， 立馬 被 炎柱 和 炭治郎 圈粉 ,實習生,10,25,5
2020-11-03,14:37:57,電影 好看 ， 但 為何 有 人 掐 女孩 脖子 那麼 久 ， 女孩 都 沒 事 ， 也 太 沒 注意 真實 缺陷 了 吧 ,Robert,9,26,5
2020-11-03,16:00:35,看完 電影 後 兩 天 把 動畫版 補完 ， 意猶未盡 ！ ,林長昇,15,26,5
2020-11-03,17:15:55,"一定 看過 漫畫 了 解 大概 故事 大綱 ， 再 去 觀影 才 會 有 震撼 和 感動 的 心得 ； 
 那些 沒有 看過 也 不 曉得 這 部 漫畫 ， 純粹 只是 為 了 跟 風 而 看 的 人 ， 等 了 解整 部 作品 在 說 什麼 故事 或是 至少 看過 電視版 再 來 評論 ， 謝謝 。 
炎柱 最 高 ！ ",Zoe,21,37,5
2020-11-03,18:46:14,真的 很 好看 ， 因 該 是 2020 最 值得 進 電影院 看 的 電影 ， 想 再二 刷 ～ ,kai Rose,12,22,5
2020-11-03,18:54:33,"帶 老婆 一起 去 看 . 很 感人 眼淚 流 不止 . BGM 有夠 燃 的 整 個 氣氛 帶起來  
 ( 老婆 看完 回家 開始 追動 畫 @@ )  
 建議 去 看 電影 的 人 . 手機 一定 要 關 . 屎尿 處理好 在 進來    
 ( 不要 影響 看 電影 的 人 ) ",景暉,25,47,5
2020-11-03,19:55:02,這 片 至少 要 看 三 刷   太多 細節 值得 細細 一再 回味 ,Nana,17,32,5
2020-11-03,20:13:25,以 近期 的 電影 跟 動畫 而言 是 還 不錯 ! 可是 這 分數 實在 高 得 離譜 . . . 現在 的 人 都 瘋 這 種 東西 嗎 ? ,Skywalker,45,51,4
2020-11-03,20:33:38,前 半 部 真的 太 沉悶 看到 睡著 ， 買 票 進去 真的 只是 看 戰鬥 跟 聽 配樂 的 ， 戰鬥 跟 配樂 有 水準 。 重點 是 動漫 只 出現 ㄧ下下 的 炎柱 ， 電影 也 沒 啥 深刻 介紹 就 領 便當 了 ， 然後 灑 一 堆 狗血 ， 完全 不 理解 哭 點 在 那 ， 沒想像 中 好看 😫 ,十一月的雨,189,162,3
2020-11-04,09:55:40,以 動畫 電影 來 說 打鬥 搭配 的 配樂 很 重要 ～ 鬼滅 這 次 搭 的 配樂 很 深 的 我 心 ～ 很 有 震撼力 ！   打鬥 特效 也 找來 動畫 19 集 的 製作 ～ 真的 很 棒看 的 很 過癮 ！ 還 有 必須 強調 這 不 是 獨立 電影 所以 觀看 前 ， 先 把 漫畫 動畫 追完 再 來 評價 內容 ～ 不要 都 沒 看過 再 來 這邊 秀 下限 很 丟臉 的 ～ ,席琳娜,12,21,5
2020-11-04,09:57:35,"已 有 看過 漫畫 ， 再 知道 劇情 下 ， 還是 如此 感動 
 非常 觸動 人心 ， 喜歡 鬼滅 的 人 ， 不會 失望 ",FISH,11,21,5
2020-11-04,10:10:56,"以 動漫 劇場版 而言 是 看過 最 好看 的 
 不過 
 劇場版 就是 出給 漫畫 動漫迷 看 的 
 一 堆 人 漫畫 動畫 都 沒 看 過 硬是 要 湊熱鬧 ,   然後 質疑 故事 走向 
 這些 人 是 有 存在感 危機 嗎 . . . ? ",歐文,14,47,5
2020-11-04,13:01:13,"必須 說 . . 炎柱 真的 帥 
 非常 值得 來 看 ， 至於 沒 看過 前面 劇情 的 人 ， 就 不要 來 湊熱鬧 ",小涵,11,39,5
2020-11-04,16:43:22,一 堆 粉粉 只 為了 4 集 戲份 的 配角 就 能 哭 的 死去活來 ， 之後 蟲姊 掛掉 豈不是 要 辦 國殤日 了 ！ ！ ！ ,西雅,79,54,3
2020-11-04,17:48:42,看 就 對了 ！ 不會 失望 的 ， 記得 帶 衛生紙 ,qwe10629,7,19,5
2020-11-04,18:18:52,"真的 很 好看 ， 去 電影院 看 就 對了 
 不管 是 打鬥 特效 、 還是 感傷 的 劇情 都 是 滿分
 大哥 沒有 輸 ， 大哥 保護 了 所有人 Q_Q ",奶茶,10,30,5
2020-11-04,18:25:20,"沒有 看 過 的 人 進去 都 看 得 懂 ! 不過 還是 建議 先 看 動畫版 就 知道 後續 電影 演 的 劇情 ~~ 
 我 很 喜歡 反派 魘夢 ， 他 也 是 悲情 人物 ~ 為什麼 沒 人 喜歡 他 ~~ ",× 彌村花 ×,9,28,5
2020-11-05,03:04:01,"宇宙 超級 世界 無敵 感動 的 電影 
熱血 + 青春 + 感動     地表 上 最 神片 無誤
 ( 是 不 是 太 浮誇 了 XD ) 
 我 都 忘記 這邊 密碼 了   
 好看 到 特地 登入 來 評論 . .. 
 設定 忘記 密碼 半 天 才 終於 OK ",Roy,15,37,5
2020-11-05,15:44:24,很 棒 的 動影 ， 第一 次 看看 完想 追動 畫 ,KATE*,12,25,5
2020-11-05,17:04:07,好看   非常 好看   超極 好看   無敵 好看 . . ... ,水木火土金,33,73,5
2020-11-05,22:27:09,超 好看 的 ， 笑 中 帶 淚 ， 完全 都 不 冷場 ,雅 小,12,30,5
2020-11-05,23:45:47,動畫 品質 超棒 ！ 配樂 超 好聽 ！ 真的 很 棒 ！ ,豪,12,22,5
2020-11-06,10:58:40,音樂 、 劇情 、 作畫 品質 都 很 讚 ， 王道 少年 動畫 的 神作 電影 ,？之男,9,15,5
2020-11-06,14:36:28,"對 之前 不 看 漫畫 與 動畫 的 我 來 說 , 追完 26 集 動畫 的 當天 就 到 戲院 看完 無限 列車 , 真的 只 有 二 個 字 . . . . . . . . . . 感動 . ",M3,12,19,5
2020-11-06,20:44:51,被 炎 柱圈 粉 了 ， 我 只 能 說 炎柱 太 帥 了 ,謙仔,11,18,5
2020-11-06,22:44:07,"今天 完成 2 刷 了 ， 第二 次 用 IMAX  看 ， 相較 於 第一 次 看 更 讓 人 感動 ， 第二 次 看 可以 看 的 更 細膩 ， 透過 那些 話語 更 能 體會 主角 的 不 甘心 、 無奈 和 炎柱 的 那 份 責任 溫暖 和 終於 獲得 母親 的 肯定 那 種 如釋重負感 ， 所以 更 感動 也 難過 。 還 有 本 篇 電影 不 是 獨立 故事 ， 而是 動畫版 26 集 後 接下去 的 劇情 ， 所以 會 對 沒 看過 動畫 或 漫畫 的 人 較 無法 融入 或 出戲 ， 有些 可惜 ， 建議 可以 先 看過 再 來 看 會 更 感動 ， 雖然 有 人 會 覺得 太過 矯情 ， 但 鬼滅 作者 重視 的 更 是 著重 在 情感 細膩 的 描述 ， 如果 沒 看過 的 人
 是 真的 會 覺得 太過 矯情 ， 如果 知道 劇情 走向 或 看過 動漫 的 人 ， 就 會 了解 為何 會 這樣 而 更 感動 。   期待 第二 季 動畫 ！ ",yuki,23,43,5
2020-11-06,23:25:38,"看 不 懂 的 人 , 建議 先 去 看 一下 慢 畫 或 第一 季 的 動畫 , 另外 , 上弦參 的 故事 也 去 看看 , 很 不錯 ",阿華,9,18,5
2020-11-07,00:46:51,"超級 好看 ， 熱血 ， 有 歡笑 有 淚水
 完全 被 炎柱圈粉 ~ ",MOMO,10,24,5
2020-11-07,13:24:33,最後 真的 很 感人 … … 真的 會 想說 「 炎柱 我 大哥 ！ ！ 」 ,KIKI,10,22,5
2020-11-07,14:32:10,"劇情 加上 日配 真的 很 催淚 ， 動畫 的 品質 真的 很 高 ， 各 方面 真的 無可 挑剔 ， 完美 。 

 建議 第一 次 看 先 看 日文 配音 。 ",卡萊爾,15,24,5
2020-11-07,16:51:23,還是 覺得 日配 完美 ， 內容 沒有 冷場 ， 感到 滿意 ,紫雲翔,12,17,5
2020-11-07,19:08:35,看 漫畫 的 時候 ， 感觸 沒 這麼 強烈 ， 看 了 動畫 搭配 聲優 演出 ， 那 真的 感動 很 深 ， 把 柱 的 信念 跟 精神 都 確切 的 傳達出來 了 ， 電影院 裡面 的 人 確實 的 被 感動到 ， 包含 我 自己 也 是 ， 不管 是 主角群 也好 ， 乃至於 柱 們 也好 ， 我 想 我們 活 著 就 是 為 了 要 保護好 自己 想要 的 人 事 物 ， 讓 自己 變 得 更 強大 ！ 堅定 的 往 前 走 ！ 不 迷茫 、 不 後悔 ， 勇敢 堅定 的 活下去 ！ ,阿羽,21,35,5
2020-11-07,19:12:36,有夠 好看 絕對 值得 二 刷 的 電影 🥺🥺🥺🥺🥺 ,瑪麻,8,17,5
2020-11-07,20:44:54,不 看 後悔 哦 ！ 特效 極 讚 ！ 不愧 是 燒 錢 搞 特效 的 動畫 電影 ！ ,ㄚ偉,10,19,5
2020-11-07,23:37:16,我 不 愛 看 漫畫 的 人 居然 覺得 這 部 cp 很 可以   不得不 推 一下 好看 R ， 期待 下 一 集 ,泓輝,77,26,4
2020-11-08,00:18:01,"剛 看完   也 看 了 一 堆 評鑑   很 有意思   愛 的 人 覺得 是 宇宙 霹靂 無敵 大 神片   但 在 這些 推崇 的 短 評點 負評 的 幾乎 都 是 點讚 的 人 的 一 倍   不單 是 這樣   這些 很 愛 的 人 很多 還 會 罵寫 負評 的 人 . . . 素質 實在 不 高   或者 都 是 一些 國中 高中生 

 我 也 看完 了 26 集 再 去 看 電影   電影 和 影集 相比   除了 招式畫 的 好看 很多   其他 實在 沒 什麼 差別   和 影集 一樣 很 會 拖戲 

 電影 傳遞 了 保護 弱小 的 正 能量   不管 呈現 的 方式 是 真實   矯情 或 幼稚   這 點 都 要 給 讚

 結論 ： 這 是 給 小孩子 看 的 電影 ",Ben,133,92,2
2020-11-08,13:36:49,劇情 還 算 可以 ， 整 部 電影 的 節奏 還 不錯 ， 只是 為何 要 把 新 做 的 刀子 丟出去 ， 你 有 想 過 幫 你 做 刀 的 人 的 感受 嗎 ? ? 哈哈 ,旭瀚,5,13,4
2020-11-08,14:05:27,在 此 之前 我 沒 看過 鬼滅 ， 在 此 之後 我 重頭 開始 看 其 動漫 ， 不 輸 我 愛 看 的 境界 觸發 者 ,小伍,11,14,5
2020-11-08,14:15:05,看過 漫畫 就 知道 這 明明 應該 是 第二 季 的 動漫 ， 硬 要 弄成 電影 來 薛 一波 ， 無解 但 還 是 好看 的 。 ,雄,40,15,3
2020-11-08,16:26:19,看完 電影 ， 再 去 追劇 26 集 +1 ， 很 感人 的 劇情 ， 厲害 👍 ,Aprilia,13,19,5
2020-11-08,18:09:26,有夠 好看 期待 第二 部   不會 是 在 特性 花 大錢 的 作品 ,黑點,14,19,5
2020-11-08,21:56:33,"好看 ， 可能 是 我 哭 點 太 低 有 兩 幕 讓 我 哭 了 
 好險 電影院 夠 暗 ， 不然 就 要 被 看 電影 的 小朋友 笑 了 ",↙MOMO醬↗,11,17,5
2020-11-08,23:55:47,如果 炎 這 首 歌 是 放 在 最 後面 接播完 的話 應該 更 合適 ， 對於 追完 漫畫 的 人 來 說 真的 是 不 一樣 的 感受 ， 有 些 人 會 覺得 旁白 太多 扣分 ， 但 這 部 卡通 就 是 這 種 型態 啊 ， 不管 是 柱 還是 鬼 還是 主角 們 每 個 人 都 有 屬於 自己 的 故事 ， 而且 打鬥 部分 也 很 華麗 不 馬虎 ， 配樂 更 是 沒 話 說 ， 總結 還是 覺得 很 讚 ！ ,〝欣♀,19,51,5
2020-11-09,01:34:44,真的 好看 ！ 完全 能 融入 劇情 中 。 唯一 美中不足 的 點 就 是 要 哭 著 離開 戲院 ， 真 是 太 過分 了 ~ 竟然 讓 人 止不住 淚 ,亭雯雯,23,33,5
2020-11-09,01:38:17,中文版 配音員 都 選 得 很 好 喔 ！ 看 了 想 二 刷 日文版 ,小娟,11,20,5
2020-11-09,09:39:24,電影 跟 動畫 的 特效 音樂 還是 有 差 ， 好看 又 好 哭 ， 配樂 爆 好聽 。 ,Jean,17,23,5
2020-11-09,12:38:08,"聲優 的 演繹 方式 和 幽浮社 的 製作 功力 把 這 部 動畫 拉到 一 個 境界 
 很 感謝 有 這 個 用心 的 團隊 ， 不然 光 看 漫畫 其實 不 是 個 特別 有 印象 的 故事 
 希望 經由 票房 可以 把 整 個 動畫界 帶動 起來 ! ",Rita YR,21,37,5
2020-11-09,14:16:24,"雖然 已經 將 漫畫 追完 ， 動畫 也 追 了 3 遍 ， 不得不 說 這 次 劇場版 最後 還是 忍不住 讓 淚水 掉落 了 。 雖然 本身 都 已經 知道 劇情 走向 ， 但是 漫畫 呈現 的 僅僅 只是 讓 我 看過 劇情 而 
 已 ， 電影版 的 劇組 的 在 音樂 、 畫質 還是 特效 的 呈現 上 ， 都 讓 人 更加 加深 對 炎柱 腳色 的 印象 還 鬼 的 畫面 ， 個人 真心 覺得 ， 這 是 一 部 很 值得 進去 看 的 一 部 劇場版 電影 ",阿華外傳,24,39,5
2020-11-09,22:18:18,普普 ， 前 半 段 看到 有點 想 睡 ， 有點 過譽 了 ,流心,107,43,3
2020-11-09,23:19:22,沒有 評分 來 的 好看 . . . 不 知道 在 瘋 怎樣 的 ,鼎博,124,90,1
2020-11-10,00:24:04,今年 最 好看 的 一 部 電影 沒有 之 一 ！ ,OD,26,49,5
2020-11-10,01:20:03,今天 去 看 了 ！ 超 感人 ！ 後面 的 女生 哭 的 超大聲 ,昱翔,29,42,5
2020-11-10,17:47:32,看完 電影 真的 很 感動 ， 聲優 極力 的 演出 很 賺 人 熱淚 ,Joyce,26,29,5
2020-11-10,23:51:43,真的 太 好看 了 ， 後面 整 個 哭慘 了 我 😭 ⋯⋯ ,。。。泡泡小咪。。。,22,37,5
2020-11-11,04:16:03,讚 ， 好看 ， 果然 第一 名 ， 實至名歸 ,間宮小樽,27,46,5
2020-11-11,14:31:56,覺得 沒有 大家 說 的 那麼 好看 ， 吐槽點 太多 了 ， 電影 最 棒 的 反而 是 他 的 配樂 ， 真是 震撼 人心 扣人心弦 ， 把 情緒 激發揮到 一 個 淋漓盡致 ， 前面 的 交響樂 跟 後面 壞人 出來 那 段 電吉他 也 超棒 的 ,雅薇,37,24,2
2020-11-11,14:57:23,真的 推爆 這 部 平常 我 不 看 動漫 的 電影 但 這 部 讓 我 驚訝 了 裡面 有 些 劇情 都 很 好笑 後面 我 朋友 還 哭 了 推 這 部 ,柔惠,13,22,5
2020-11-11,15:08:29,超 好看 ！ 是 我 第一 部 進 電影院 看 的 動畫 ,cherry♥,14,23,5
2020-11-12,10:00:46,好看    絕無 冷場    今年 動漫 最 好看 之 一 ,曜傑,14,20,5
2020-11-12,11:26:40,"如果 沒有 那 最後 30 分鐘 的 打鬥 ,   前面 劇情 慢 到 睡著 ",愛寶,25,11,3
2020-11-12,17:41:28,"真心 覺得 真的 很 好看   , 還 想 看 多 一 次 ",Laiey,18,20,5
2020-11-12,19:22:52,太 屌 了   必須 看 ! ! ! ! ! ! ! ! ! ! ! ! ! ! ! ! ! ! ! ! ,McGeeeeeeeeeeeeeeeee,18,59,5
2020-11-12,21:10:59,"這 部 劇場版 是 接續 電視版 的 劇情 ， 所以 沒 看 電視版 的 人 可以 去 補完 26 集 再 來 看 接收到 的 訊息 會 比較 完整 。 
 如果 是 單單 第一 次 看 為了 "" 劇場版 "" 來 看 劇場版 ， 那 我 可以 說 是 看 配樂 跟 動畫 特效 為主 。 
 就 打鬥 來 說 精彩 的 是 跟 上參 的 部份 ， 出場 配樂 的確 較為 出彩 。 
 情感 要 接收 的話 也 是 接收 得到 ， 不過 還是 強烈 建議 無限 列車篇 
 當作 接著 看 動畫 劇情 的 心態 來 看 會 比較 平衡 一點 ； 也 比較 好看 一些 。 ",八元,11,6,3
2020-11-12,22:46:38,"光 看 漫畫 的 劇情 已經 淚流滿面 了 
 為什麼 鱷魚 老師 要 犧牲 這麼 可愛 直率 的 人
 電影版 因為 首映場 沒有 甚麼 電腦 程式 幫 搶
 所以 首映場 沒 搶到 
 後來 發現 周邊 還是 買 的 到 就 高高興興 地 去 看 淚流滿面 地 出來 
 還 差點 在 電影院 裡 大暴哭
 幸好 忍住 了 
 裡面 無論 特效 根據 情
 都 非常 的 細膩 跟 充滿 了 堅韌 的 情感 
 比 看 漫畫 裡 所 受到 的 感觸 更 上千百萬 倍 吧
 訝異 的 事情 是 
 竟然 在 最 短 的 時間 內 突破 宮崎駿 老師 的 票房
 讓 我 難以 置信
 以為 宮崎駿 老師 是 個 永遠 不 敗 的 傳說 
 結果 竟然 被 鬼滅 之 刃 打敗 了 
 雖然 很 想 學 日本人 寄 刀片 給 鱷魚 老師 
 但 我 想 作品 本身 會 紅 或許 就是 
 因為 人 本身 就 是 脆弱 的 
 即使 死 了 意志 也 可以 傳承 下去 
鬼 雖然 不會 死 又 很 強大 
 但是 卻 是 永遠 遺憾 的 帶 著 執念 欺騙 自己 活下去 
 剩下 就 是 滿滿 的 期待 木棉花 會 出 鬼滅 之 刃 決戰版 吧
 雖然 對於 九柱 的 粉絲 們 看到 大概 會 有 種 發瘋 的 概念 
 不過 還是 滿滿 的 期待 
 即使 有 不少 人 壯烈 犧牲 了 
 但 終於 結束 了 有 種 呼 . . . . . . . . 
 以後 再 也 不會 有 人 受害 的 那 種 感覺 

ps . 當晚 看完 後 ~ 整 夜 都 在 刷決 戰版 的 漫畫 從 130 ~ 205 話
 從 12點 看到 早上 6點 40分 
 中間 沒 停 過 
 眼淚 也 是 一直 滴
 但是 很 精采 很 期待 
 幸好 不 是 像 冰 與 火 之 歌 的 爛尾
 不然 真的 會 很 想 砸 電腦 XXXXXXXXXXXXXXXXXXXXXXD ",罪小月,15,50,5
2020-11-13,08:51:30,"畫面 效果 精準 而且 細緻 ， BGM 也 無可 挑剔
 很 感動 人心 ， 真的 是 大哭
 難得 有 讓 我 想 去 電影 二 刷 的 動畫片 ",妞妞,18,27,5
2020-11-13,16:31:29,"如果 以 一 部 獨立 的 電影 來 看
 這 實在 不 是 一 部 好 電影
 要 劇情 沒 劇情 
 要 細膩 場景 也 沒有 
 更 不要 說 拿來 和 宮崎駿 和 你 的 名字 比 列
 這 根本 不 在 一 個 天平 上 好不好 

 票房 好 未必 就是 好 電影 
鐵達尼號 也 沒 被 列為 偉大 的 經典片 

 這 就 只 是 一 部 同人誌 覺得 很 棒 的 動畫 片
 尤其 是 漫畫 愛好 者 

 給 一 顆 星 是 平均 一下 滿意度
 而且 也 沒有 不 給 星 的 選項 
 這 短評 就 是 希望 不要 給 抱 著 想 看 你 的 名字 或 宮崎駿 電影 影迷
 像 我 一樣 的 被 這些 五星 的 網友 短評 騙 進場 而 看 得 很 無奈 --
 ( 有 網友 回應 這 評論 說 -- 畫 不 畫 得 出 這 種 漫畫 . . . 你 行 嗎 ? --
 顆顆 -- 我 當然 畫 不 出 -- 但 難道 影評 都 要 會 拍 電影 嗎 ? 書評 一定 會 寫 書 嗎 ? 
 還 有 網友 說 -- 可惜 平均 分數 跟 票房 還是 打臉 你 了 
顆 顆 我 都 說 了 很多 賣座片 也 是 很 芭辣 的 劇情 --
 至於 說 -- 明明 就 是 不同 類型 的 動漫 你 拿來 做 比較 ? ? 
君 不 見 記者 去 訪問 宮崎駿 問 東 問 西 的 嗎 ? 

 大家 覺得 好看 我 也 沒 意見 
 電影本 就 是 見仁見智
 歡喜 就 好 ",NK,130,108,1
2020-11-13,17:46:57,對於 沒有 追 過 漫畫 或 動畫 26 集 的 人 來 說 ， 這 部會 有 蠻 多 東西 難以 理解 （ 人物 基本 設定 、 鬼 的 設定 ） ， 很 難 有 共鳴 的 ！ ,千賀滉大,31,35,5
2020-11-13,21:29:38,前面 是 有點 太 冗長 ， 後面 比較 好看 ， 延續 動畫 ， 很 正面 ， 可惜 如此 正面 的 人 卻 短暫 的 結束 了 😭 ,蕙湄,29,37,5
2020-11-14,11:08:34,被 炎柱 煉獄 杏壽郎 圈粉 了 ~~ 太 感人 ,韋棚,26,43,5
2020-11-14,15:57:46,"剛 追完 鬼滅 之 刃 的 動畫 跟 漫畫 ， 這 部 劇場版 就 是 動畫 最 新 的 幾 集 搬到 電影院 去 放 而已 ， 沒有 獨立 的 劇情 ， 原本 就 很 感動 的 橋段 ， 放 在 哪 都 是 很 感動 。 
    但 以 電影版 來 說 還是 沒有 到 很 出色 的 地方 ， 劇情 、 出場 人物 都 太過 單調 ， 豐富度 也 是 遠遠 不 夠 ， 以 剛 完結 的 鬼滅 來 說 ， 出 這 電影 來 給 原本 的 粉絲 來 說 是 很 棒 的 福利 ，   
 但 與 其他 熱門 動畫 的 電影 來 說 差距 還是 滿 大 的 。
     近期 因為 疫情 的 關係 ， 沒 什麼 電影 大作 ， 鬼滅 才 得以 殺出 重圍 八 ! 去 電影院 看看 也 不錯 ， 不過 鬼滅 的確 是 一 部 不錯 漫畫 ， 整體 劇情 很 短 ， 設定 也 簡單 好懂 。 ",艾瑞克,20,13,4
2020-11-14,19:47:58,動畫片 在 家 看 就 好 . . . 幫 平衡 分數 ,蝌蚪,171,143,1
2020-11-15,01:10:19,看完 了 ， 人生 中 第一 部 去 戲院 看 的 日本 動畫 電影 ( 因為 我 覺 的 電影院 就 是 要 看 大 製作 的 片 ， 日 韓 電影 我 是 不會 去 戲院 看 的 ) ， 是 不 難看 ， 但 也 沒有 那麼 神 ， 劇情 早 就 知道 ， 但 因為 太多 人 推薦 ， 所以 去 看看 ， 看 有 多 神 ， 前面 真的 蠻 拖戲 的 ， 我 還可以 去 上 個 廁所 ， 後面 人家 說 很 感人 的 部份 ， 我 完全 無感 ( 看 電影 從 沒 哭 過 ， 復仇 者 終局 之 戰 也 一樣 ) ， 整 部 看下來 ， 我 覺得 打下弦之五 還 比 電影 精彩 ， 我 的 結論 就 是 : 是 一 部 不 難看 的 電影 ， 但 沒有 去 戲院 看 的 價值 ， 基本 上 ， 等 DVD 就 好 。 ,john,58,41,3
2020-11-15,12:48:35,畫面 讚   音樂 讚   除了 讚 還是 讚 . . . ... ,國峻,23,42,5
2020-11-15,14:45:36,運鏡 很 棒 ， 配樂 很 厲害 ， 劇情 磅礡 。 ,Stypid,26,36,5
2020-11-15,19:18:59,"今天 去 看 了 ， 畫面 和 特效 都 真的 算 現代 動畫 水準 之上 了 ，
 各 種 招式 都 很 有 氣勢 ， 尤其 炎柱 ! 
 至於 劇情 有 很 搞笑 的 地方 ， 也 有 很 感人 的 地方 。 

 老實 說 ， 若 本來 就 沒有 看 動畫 的 人 ， 看 這 集 其實 根本 就 來 錯棚 了 ，
 又 不 像 你 的 名字 或 宮崎駿 那 種 電影 本身 是 獨立 的 世界觀 ， 所以 可以 直接 看 
 鬼滅 之 刃 都 是 根據 動畫版 的 背景 去 做出來 的 ，
 這 就 像 哈利波特 沒 看 前面 就 直接 看 最後 一 集 ， 角色 關係 之類 根本 沒 搞懂 就 看 ， 根本 不 知道 感人 在 哪 ， 
 而 說 會 看到 睡著 或者 覺得 劇情 很 屁 的 ， 其實 本來 就 不 喜歡 鬼滅 之 刃 ， 幹嘛 硬 要 去 看 ？ 是 去 討 M ？
 就 像 你 不 喜歡 吃 泰式 ， 硬 要 去 吃 泰式 ， 再 說 這 家 餐廳 有夠 難吃 的 一樣 ， 根本 莫名其妙 = =
 ( 我 猜 根本 有 些 沒 去 看 也 來 這邊 說 有夠 難看 的 ， 反正 Yahoo 電影 只要 登入 就 能 留言 ) 
 更 別 提 看到 一 票 評論 只要 稱讚 的話 ， 噓 比 讚 還 多 ， 
 不 喜歡 的 人 還 這麼 關注 鬼滅 之 刃 ， 到底 是 多 沒 事情 做 . .. 
 人生 還是 把 東西 放 在 自己 喜愛 或者 值得 爭取 的 東西 上 ， 不要 花 時間 去 關注 自己 不 愛 的 事物 好 嗎 ? ",星辰天晴,26,53,5
2020-11-16,02:24:21,看過 許多 動漫 劇場版   從來 沒有 哭 得 像 剛 失戀 眼睛 超腫  片 尾曲 也 真的 很 符合 劇情   第一 次 二 刷 的 電影 😭😭😭 ,Lin,16,24,5
2020-11-16,17:24:17,真的 很 好看 啦 ~~~  沒 追 過 動畫版 的 也 會 被 後面 感動 ! ,Ben,14,15,5
2020-11-16,20:27:12,一 堆 跟 風仔 跟 著 去 看 ， 才 覺得 不 好看 ,此人睡著了,22,39,5
2020-11-17,00:04:51,震撼 人心 ， 非常 感人 ， 再 回頭 追動 畫 也 可以 。 ,李阿球,18,23,5
2020-11-17,00:12:41,好看到 十刷 都 沒 問題 啦 😍 而且 不管 是 人物   動畫   音樂   劇情 都 是 滿分 ！ ！ ,芸瑄,25,32,5
2020-11-17,00:56:57,還 不錯   神作   配樂 跟 音效   招式 都 很 帥 ,邦復,19,25,5
2020-11-17,21:58:55,過程 中 有 不少 血腥 的 畫面 ， 最後 帶來 一 個 令 人 感傷 的 故事 ， 看完 之後 覺得 太 好看 ~~ 感動 滿分 ,峻豪,24,27,5
2020-11-17,21:59:30,"我 是 有 看過 鬼滅 漫畫 劇情 的 人 ~ 我 覺得 非常 感人 好看 ~
 只不過 , 再 好看 的 動畫 , 總是 有 美中不足 的 地方 ~ 
 像是 上弦叁 的 打鬥 與 特效 方面 . . 真的 有點 美中不足 .. 
 不過 , 大哥 的 特效 與 整體 的 震撼度 , 真的 非常 厲害 ! 
 但 反而 讓 我 更加 驚艷 感人 的 是 炭治郎 在 最後 哭 的 地方 . . . . 真的 會 讓 人 不 知覺 落淚

 我 覺得 鬼滅 就算 你 看過 漫畫 ~ 還是 可以 來 看看 這 劇場 版
 雖然 他 有 美中不足 , 但 從 前面 ~ 最 後面 你 都 會 感到 相當 的 感動 
柱 . 真的 不 簡單 阿 !   加上 大哥 和 母親 的 對話 . 更 是 整 部 戲 的 精華 ! 
 感動 萬分 ",不可發問 回答,28,6,4
2020-11-17,23:36:58,好看 . . . . . . . . . . . . . . . . . . . . . . . . . . . . . . . . . . . . ccc ,tony,17,7,4
2020-11-18,01:54:45,總 覺得 被 追捧 的 太 高 了 ， 劇情 有 感人 ， 但 就 缺少 了 我 認為 動畫版 的 細膩度 ， 就 覺得 只 是 卡通版 的 電影 ， 給 3 可 星 是 為 了 平衡 一下 過 高 的 星星數 。 ,Mlesna,29,14,3
2020-11-18,09:32:31,非常 好看 ， 連 我 這 個 沒 看 過 動畫 的 人 也 看 得 懂 ， 推薦 一定 要 進 電影院 用 大 螢幕 去 感受 一下 震撼 的 音樂 跟 畫面 ,★迷糊a柚子☆,29,43,5
2020-11-18,11:16:10,"除了 一 堆 小 屁孩 喜歡 鬼滅 這 部 電影 外 ~ 
 還 有 兩 種 人 

 一 種 是 跟 風 ， 管 心 裡 到底 喜歡 不 喜歡 ， 稱讚 就 對了 ， 不然 感覺 自己 好像 沒 鑑賞力 ， 跟 不 上 社會 ， 還 會 有 同儕 的 異樣 眼光 . . 
 一 種 是 平常 沒 在 看 動漫 ， 所以 看 了 覺得 ~ㄟ  還 真 不錯 ， 然後 喊 著 這 種 當然 不能 跟 宮崎駿 動畫 電影 比 啊 . . 因為 心 裡 就 把 他 列為 比 宮崎駿 電影 更 Low 的 等級 .. 


 真的 愛 看 動漫 又 不 是 小屁孩 的 人 ， 看 了 真的 覺得 還好 . . . ， 當然 也 可能 有 喜歡 動漫 的 人 喜歡 這 部 。 

 比 他 好 的 動漫 多 太多 了 ， 幾十 、 百 部 以上 ， 只 是 一 堆 人 根本 平常 沒 在 看 動漫 ， 就 來 個 一 日 動漫迷 這樣 ， 就 像 一 日世足迷 ， 平常 沒 在 關注 ， 世足 的 時候 表現 得 多 愛 足球 ~  為什麼 ？   因為 這樣 跟 不少 人 有 同樣 話題 ， 還可以 一起 去 運動 餐廳 吃飯 喝 酒 看 世足 ， 打卡 show 一下 . . 

 然後 還 批評 不 怎麼 喜歡 鬼滅 電影 的 人 ， 說 他們 沒 心 、 心 中 無 愛 ， 不 懂 . . 甚麼 之類 的 . . ， 哼哼 ",喵喵,82,93,1
2020-11-18,12:33:05,"超 好看   神作   第一 次 二 刷 了 ㄏㄏ
 大家 一定 要 進 電影院 看 🥺
 哭 到 不行 😭😭
By 動畫黨 忠實 小 粉絲✨ ",小艾,28,53,5
2020-11-20,00:17:39,看完 TV 去 看 電影 後 . . . .   前面 真的 太 拖 了 ! 不如 鋪陳 在 炎柱 上面 ， 效果 會 來 的 更 好 ， 只有 上旋 出現 後 很 熱血 精彩 ， 可惜 了 。 ,思念,30,17,2
2020-11-20,10:04:26,"先 說 我 完全 沒有 看過 鬼滅 、 也 不 愛 動漫 ( 屁孩 在 看 的 ! ) 。 看 好評 這麼 高 ， 還是 跟 風 去 看 了 。 我 的 結論 是 劇情 上 的確 有 吸引人 之 處 ， 惡鬼 施展 的 夢境 幻術 讓 每 個 人 回到 了 心 中 最 溫暖 的 記憶 ， 撫平 心 中 遺憾 的 痛 ( 誰 沒有 遺憾 ? !   誰 沒有 想 回到 的 那 個 過去 ? ) ， 完全 能 理解 為何 主角 們 會 沉迷 在 夢境 中 ， 惡鬼 的 小 簍簍 們 為何 會 為了 回到 那 夢境 ( 再 也 回 不 去 的 過去 ) 也 願意 殺人 。 尤其 是 主角 炭治郎 在 經歷 家人 慘死 的 悲痛 後 . . .    我 認為 這 片 在 精神 層面 的確 有 非常 正向 的 鼓舞 ! "" 幫助 弱者 是 生為 強者 的 使命 。 "" 、 "" 我 沒有 忘記 你們 ， 你們 永遠 都 在 我 心 中 ""  當 炭治郎 要 拋下 美好 的 夢境 ， 回到 現實 幫助 朋友 時 . . .   炭治郎 強大 、 溫柔 的 內心 或許 是 這 部 動漫 想 帶給 或 鼓舞 人們 的 意義 ?   < 我們 有 成為 一 個 好人 嗎 ? ! >
 總之 ， 沒 看 過 也 可以 看 der ， 沒有 過譽 。 ",HiHi,29,39,5
2020-11-20,11:10:38,如果 你 有 認真 看 前面 的 動畫 ， 一定 會 覺得 超級 好看 ！ ！ 那些 負評 我 覺得 是 沒 看 前面 不 懂 ， 或 跳 著 看 沒 仔細 ， 就 會 覺得 不 太 懂 呀 ～～～ 但 我 認真 覺得 超級 超級 好看 ， 很 會 ～ 哭 到 不行 ,Dora,27,43,5
2020-11-20,14:16:31,看到 大哥 的 鎹鴉 眼角 帶 淚 報喪 整個 哭 到 不行 . . . . . 炭志郎 忍痛 與 家人 告別 也 是 好 難過   禰 豆子 好 可愛   老婆   嗚嗚   這 禮拜 再 跟 男友 看 一 次 ,Nana,35,48,5
2020-11-20,22:17:42,建議 看過 動畫 後 再 去 欣賞 這 部 劇場版 ， 個人 覺得 很 好看 ， 很 感人 ,祥禕,23,41,5
2020-11-21,00:21:13,真的 是 看 了 評價 才 去 看 這 部 電影 ，   即便 我 不 是 動漫迷 也 無法 認同 這 部 電影 是 好看 。 熱愛 看 卡通 電影 的 真的 無法 認同 ,sandy,71,68,1
2020-11-21,01:10:07,很 不錯 ， 情感 部分 很 充足 以外 ， 並且 打殺 畫面 也 是 很 精彩 ， 理解 動漫迷 了 ， 哈哈 ， 只是 如果 縮短 至 1.5 小時 會 給 它 5 顆 星 ！ ,CHIU TAI YUAN,9,13,4
2020-11-21,01:17:01,"超級 好看 ❤
炎柱 讓 我 哭慘 了 
 好 喜歡 他 的 正直 勇氣 及 信念 
 最 感動 是 炎柱 媽媽 說 的 那 句 話
 救助 弱者 是 生為 強者 之 人 的 責任 
 這 句 話 深深 在 他 的 心 中 
 也 用 他 的 力量 完成 
 把 這樣 的 精神 傳承給 下 一 個 人
 剛好 最近 心情 有點 盪
 這 部 鬼滅 電影  
 真的 是 滿滿 的 省思 及 正 能量 ❤️ 🤘🏻 ",丁小朵,26,49,5
2020-11-21,15:36:36,"厚 真的 哭慘 了 QQ , 還 囑咐 炭志郎 一 行 人 要 努力 成為 柱 , 我 給 4.5 顆 星 , 火柱 誓死 努力戰 到 最後 一 口 氣 的 精神 值得 我們 學習 👍 ",,20,6,4
2020-11-22,11:20:27,客觀 來 說 有點 網路 評價 有點 誇大 了 ， 整體 來 說 只 能 說 還 不錯 ~ 但 還 不 到 個人 看過 覺得 非常 好看 的 程度 ； 不得不 說 配樂 及 打鬥 畫面 極 佳 ， 但是 劇情 稍嫌 薄弱 ， 有些 橋段 太多 太過 了 。 看過 動畫 想 知道 後續 的 劇情 ， 還是 值得 來 看 的 ~ ,鼎鈞,18,7,4
2020-11-22,18:52:16,阿 ,怎樣,4,19,5
2020-11-24,11:56:38,三刷 哭 三 次 表示 ~ 真的 值得 去 看 ~ 煉獄 大哥 真的 很 帥 又 很 溫柔 ， 你 是否 有 知道 事情 的 結果 但 還是 一頭 衝撞 的 時期 呢 ? 時間 從來 不會 因為 任何 人 而 停止 ， 所以 不要 後悔 了 ,小翰,24,32,5
2020-11-24,18:37:33,才 剛 看完 第26 集 ， 立刻 來 追 劇場版 ， 不 枉費 第一 次 花錢 到 電影院 看 卡通 ， 真是 超 好看 的 ~~ ,小茴,11,20,5
2020-11-24,21:17:25,我 看 了 整整 三 次 ！ 瘋 到 我 想盡 我 所 能 的 多 買 幾 張 電影票   支持 作者   太 狂 了 💗💗💗 ,蔣,18,32,5
2020-11-25,09:51:27,"最後 真的 感人   打鬥 也 很 好看 
 值得 進 戲院 看 ",韋和,15,23,5
2020-11-25,12:24:41,10/31 就 看 了 ， 當天 還 因為 碰到 萬聖節 活動 ， 人潮 爆 多 找 不 到 停車位 ， 眼睜睜 看 著 電影 時間 過去 ， 心理 有所 不甘 ， 但 為了 鬼滅 之 刃 ， 我 就 再 課 一 張 電影票 ， 本來 看 14:40 沒 看到 ， 後來 又 看 20:00 ， 等於 鬼滅 我 課 了 兩 張 電影票 ， 現在 過來 補評 ， 為了 炎柱 來 補 。 ,小白,9,19,5
2020-11-25,12:39:49,"11/20 特別 起床 看 早場   我 覺得 以 動畫 來 講 聲光 真的 做 的 很 棒

BGM 都 配 的 很 好   還 有 很 燃 的 片尾曲

 劇情 沒 看過 動畫板 26 集 的 人 應該 也 看 的 懂 

 炎柱 太 帥   滿滿 的 正 能量   給 5 星 ",KEN,14,24,5
2020-11-25,14:57:30,"好看 👍🏻 煉獄 大哥 真的 很 催淚 ！ 
 還 沒 進場 的 快 去 支持 吧 ",凱,24,46,5
2020-11-25,19:25:42,感覺 跟 用 電腦 看 的 動畫 差不多   不錯 看 但 沒 到 那麼 高分 ,國彰,25,15,3
2020-11-27,02:53:29,放假 同學 揪去 看 （ 他們 都 二 刷 了 ， 叫 我 一定 要 看 ） 沒 看 過 動畫 ， 不要 輕易 去 看 . . . . . . 很多多餘 的 搞笑 和 台詞 . . . . . 非常 尬 . . .2 分 給 音  效 （ 請 不要 嘴 我 沒 去 看 ， 我 就是 去 看 了 ， 才 來 留言 ） ,冠冠,26,20,2
2020-11-27,15:45:13,體感 只有 15 分鐘 ， 不 懂 剩下 的 一 小時 42 分鐘 去 哪裡 了 。 ,嘉紳,7,19,5
2020-11-27,22:06:28,請 先 看過 前面 26 集 動畫 再 來 看 電影 ， 才 會 知道 有 多 好看👍 ,ㄇㄧㄢˋㄇㄧㄢˋ,11,26,5
2020-11-28,00:02:41,配樂 真的 厲害 ， 不過 炭治郎 真的 很 吵 ， 另外 看 這 個 就 在 那邊 說 什麼 好 哭 什麼 的 是 要 多 幼稚 ， 可以 好好 去 體驗 現實 生活 嘛 。 ,阿嬌,14,12,3
2020-11-28,13:16:00,超 好看 ～～～～～ 感動 ～～～～～～ 想 二 刷 ～ ,饅頭,10,21,5
2020-11-28,13:38:17,"帶 著 小朋友 去 看 早場 ， 小朋友 的 回應 是 的 ， 精彩 刺激 音效 強大 ～～
 而 我 這 位 做 父親 的 ， 覺得 裡面 講 的 非常 多 的 親情 意境 ～～
 最後 煉獄 的 犧牲打 ， 讓 我 周邊 觀看 的 都 淚汪汪 ， 但是 其實 煉獄 最後 所 想 做 的 就是 得到 他 離世 媽媽 給 他 的 最後 肯定 ～～ 你 是 最 好 的 ～～～
 一 部 動畫 ， 很多 觀看 方式 很多 自我 意象 ～～
 建議 有 喜歡 的 朋友 ， 都 可以 去 看看 ～～
 畢竟 TV版 的 我 才 看 過 四 集 . ... ",先石,24,11,4
2020-11-29,12:08:28,"有 看過 26 集 動畫 的 人 一定 都 會 覺得 好看 。 
 沒 看過 的 ， 應該 會 覺得 劇情 很 莫名其妙 ， 怎麼 一 開場 就 上 火車 了 ？ 
 雖然 不 是 神作 ， 劇情 方面 可以 說 是 普普 ， 但 至少 配樂 真的 很 神 ， 作畫 也 堪稱 水準 之上 ， 去 電影院 給 個 支持 很 值得 ， 尤其 是 配樂 不 是 在 家 租 dvd 就 能 感受 的 。 ",xi,28,48,5
2020-11-29,17:43:52,很 久 沒 看過 動畫 這麼 熱血 感人 了 ， 非常 值得 去 電影院 看 ． ,薩爾瓦多,16,36,5
2020-11-30,23:41:07,鬼滅 之 刃 真是 神作 ， 只有 這樣 形容 ， 很 刺激 ， 很 感人 ， 很 精彩 。 只有 深入 體會 電影 的 內容 情節 ， 才 算是 有 看 電影 的 感覺 。 。 ,★Terry☆,11,25,5
2020-12-01,11:10:34,是 第一 部 值得 大家 去 2 刷 的 電影 ， 非常 精彩 好看 ， 第一 次 的 評分 就 為 了 它 ， 建議 大家 可以 把 漫畫 動畫 全部 看完 ， 會 更 感動 ,容盈,11,22,5
2020-12-02,00:13:49,還好 有 看 ！ ！ 回家 追 漫畫 了 QwQ  ❤️ ,芯♥,8,21,5
2020-12-02,00:32:58,"有 神 配樂 跟 不錯 視效   可是 故事 鋪陳 很 爛 的 電影 
明明 電影化 但 整 個 故事 節奏 還是 TV 的 模式   這 點 很 糟糕   能 明顯 看出來 集 與 集 之間 的 切割點
 導致 沒有 看 電影 的 感覺   而是 看 四 部 TV 集數 合 在一起 
炭志郎 一 堆 內心 台詞 感覺 很 沒 意義   還 常常 打亂 故事 節奏
 每 次 都 準備 要 熱血 起來   又 被 他 內心 台詞 卡掉 情緒 
 電影 最 大 的 賣點 明明 是 壽杏郎 的 犧牲
 如果 是 合格 的 編劇 應該 把 故事 焦點 側重 在 他 身 上 而 減少 其他 沒 意義 的 地方   我 一點 也 不 想 看 善逸 跟 伊之助 的 搞笑
 最後 整 部 戲 最 熱血 的 反而 不 是 大哥 的 犧牲   而是 炭志郎 被 魘夢 擊暈 屢敗屢戰 的 片段   因為 只有 那 一 段 的 情緒 鋪陳 最 連貫
 我 覺得 鬼滅 最 大 的 優勢 是 梶浦 的 配樂   動畫 有 八成 張力 都 靠 配樂
 可是 故事 節奏 真的 爛   明明 有 神配樂 跟 佳 特效   結果 故事 節奏 常常 搞 到 後 兩 者 只 發揮 六十 分 實力
 讓 我 想起 Youtuber  Mr .   Enter 對 動畫 的 一 段 評論 
 好 劇情 救得了 爛 畫面   但 好 畫面 卻 救不了 爛 劇情 ",承諺 劉,78,86,1
2020-12-02,00:52:03,真心 覺得 普普 ， 拜 疫情 所 賜 最近 沒 上 甚麼 強片 才 能 有 這樣 的 成績 ! 前面 太 拖戲 ， 看到 我 睡著 。 後面 打鬥 不錯 但 太 短 ， 以 電影 來 說 真的 不 夠 精彩 。 之前 看 的 海賊王 電影 我 還 覺得 比較 好看 咧 ,阿諭王,34,35,2
2020-12-02,08:01:57,整體 下來 算 普通 不 難看 ， 但 整體 節奏 到 後面 其實 算 有些 混亂 ,莉宜,54,34,1
2020-12-03,22:34:15,本身 有 追完 漫畫 到 完結 ， 看 漫畫 的 時候 還 不 知道 他 到底 再 紅 什麼 ， 直到 看完 劇場版 才 恍然大悟 ， 劇場版 看完 再 回頭 追動 畫版 ， 覺得 真的 是 一 部 蠻 不錯 的 作品 ,yan,11,23,5
2020-12-04,09:58:27,只有 後面 1/3 精彩 ， 前面 好 長 一 段 真是 想 直接 跳過 ！ ,WEIGO,26,11,3
2020-12-04,17:07:15,超級 好看 的 ~ 第一 次 留 評價 就 給 鬼 滅 囉 ~~ ,KRIS,7,19,5
2020-12-04,17:37:48,動畫 特效 的 部份 不負眾望 ， 果然 做 得 很 不錯 ,啟華,6,20,5
2020-12-05,03:49:17,超級 好看 刻畫 人心 的 部分 作者 真的 很 強 ！ 已經 想 二 刷 了 ,小佘,6,25,5
2020-12-05,08:04:34,前面 2/3 還 蠻 平淡 的 … 後面 的 1/3 有 把 分數 拉起來 ， 整體 來 說 是 好看 的 。 ,C est la vie,32,7,4
2020-12-05,13:34:26,很少 看 動畫 的 我 ， 都 覺得 實在 是 太 好看 了 啦 ！ ！ ！ ,Uuu,8,26,5
2020-12-05,22:47:37,太 感人 了 ， 害 我 一直 到 散場 口罩 都 是 濕 的 ， 太 深入 我們 這些 對 漫迷 的 心 裡 了 ， 太 棒 了 ! 大推 ! ! ! ,JILL,6,24,5
2020-12-06,15:02:13,"我 是 沒 看 漫畫 的   所以 完全 不 知道 劇情   整體 來 說 我 覺得 前面 很 好笑   劇情 也 很 快 的 進入 高潮   上 三 出現 那邊 真的 又 推入 一 個 高潮   結局 也 很 感動   看完 真的 很 想 再 看 一 次 ！ 
 真心 推薦 還 沒 看 鬼滅 的 要 追 起來 ～ ",華,9,25,5
2020-12-07,02:34:51,在 星期六 下午 4.2 終於 有空 可以 0 看 高雄 威秀 的 中文版 ， 很 好看 二 刷 一樣 爆 好看 超級 推 而且 這 次 有 送 海報 ， 之前 第一 刷 看 日文版 無 海報 ,大刀,5,21,5
2020-12-07,17:38:21,真心 覺得 很 普通   比 tv 規格 好 點    只有 後面 3/1 打鬥 好 點 ,翌宇,38,24,1
2020-12-07,22:13:11,太 感人 了 ， 為了 看 電影版 才 開始 追動 漫 然後 緊接著 看 電影 ， 跟 動漫 一樣 讓 我 覺得 感動 ， 從不 看 動漫 的 我 第一 次 獻給 鬼滅😭😭😭 也 莫名其妙 迷上 ， 應該 是 被 家族 愛朋友 愛 給 感動到 ❤️ 好看 👍🏻 ,櫻桃寶貝,10,23,5
2020-12-08,01:35:53,好 好看 ！ 音效 很 棒 ！ 第一 次 寫 評論 就 給 鬼 滅 之 刃 了 🥰 ,Claire,11,25,5
2020-12-08,06:31:00,三刷 的 路過 ～ 最 喜歡 炭治郎 夢到 家人 的 部分 ， 哭爆 ,May,11,29,5
2020-12-08,14:24:28,畫面 ， 音樂 都 很 棒 ， 劇情 感動 人心 ， 打鬥 也 很 精彩 ， 很 值得 觀賞 的 電影👍 ,Agnes,9,27,5
2020-12-08,19:14:41,"大哥 沒有 輸 . . . . 




 哭 到 口罩 濕掉 ",M,12,36,5
2020-12-09,17:39:02,"感人 好看
 去 電影院 看 三 次 了 
 依然 感人 ！ 推薦 一下 ",～小追～,16,37,5
2020-12-10,03:07:07,過度 神化 造成 有點 失望 。 特地 看完 動畫 才 看 電影 ， 事先 知道 這 不 是 獨立 故事 ， 而 只是 動畫 劇情 的 接續 ， 看完 這 部 覺得 確實 沒有 電影 的 格局 。 前面 作夢 太過 冗長 ， 跟 自以為 搞笑 的 梗 ， 不 好笑 又 很 煩 ， 其實 TV版 就 有 這 種 感覺 了 。 後面 才 好看 起來 ， 但 回憶 跟 嘴炮 的 時機 差 ， 很 斷 情緒 。 結尾 也 很 倉促 ， 總結 就是 只有 戰鬥 畫面 好看 。 好好 整理 劇本 放 在 TV版 27 ～ 30 集 感覺 會 比較 適合 。 ,o小三o,46,19,2
2020-12-12,16:20:10,打鬥 畫面 幽默 互動 配樂 音效 都 非常 棒 ！ 推薦給 看完 動畫 劇情 的 人 。 ,智鈴,7,21,5
2020-12-12,21:16:25,"大爛片   真的 很 無聊   沒 什麼 劇情 
 還是 回家 洗洗 睡 好 ",跩跩,45,57,1
2020-12-13,12:42:31,"我 沒 看 過 動畫 就 來 看 
 畫面 超帥    真的 很 好看
 最近 進場 還 有 送 特典
 很 驚喜 ! ! ",vobo,9,25,5
2020-12-13,13:51:51,"好看   值 回票價
 建議 原作 動畫 看完 前面 19 集 再 來 看 會 更 有 感覺 ",Yao Lun,11,32,5
2020-12-13,19:00:21,沒有 想像 中 好看 ， 但是 聲光 效果 不錯 ,濰榛,52,12,3
2020-12-14,15:42:42,"這 似乎 只是 連載 的 其中 一 段 而已 
 並 不 是 新 劇情 失望 透 了 ",育廷,69,32,1
2020-12-14,18:29:00,"把 動畫 追完 才 進 電影院 看 
 前面 有點 無聊 ， 但 後面 有 拉起來 
 動畫 蠻 有 氣勢 的 ， 最後 炎柱 的 部分 
 很 感動 也 很 可惜 ， 看 了 一直 流淚
 期望 不要 太 高進去 看   否則 會 有點 失望 
 感覺 有 續集 ... ",小奕,24,7,4
2020-12-16,09:01:42,確實 不錯 看 ， 是 一 部 很 經典 的 熱血 戰鬥 動畫 ,閎仁,12,32,5
2020-12-16,11:19:34,首先 前 半 部 是 親情 與 文藝戲 的 鋪陳 ， 很多 屁孩 會 不耐 是 正常 的 。 不耐於 親情 的 內心 獨白 與 心靈 境界 的 映照 的 ， 會 覺得 前 半 部 很 無聊 ， 但是 作者 是 位 女性 ， 她 的 感觸 與 敏銳 是 細膩 溫情 的 ， 很多 男孩 只 想 後面 的 熱血 互 砍 ， 但 鬼滅 之所以 能 紅 ， 很 大部分 是 它 有 個 好 劇情 ， 非常 好 的 劇情 ， 細膩 的 內心 與 無限 的 親情 力量 。 炎柱 捨己 為人 ， 當上 三 ， 不斷 勸說 下 ， 什麼 要 變 鬼 變 強 的 理由 ， 炎柱 根本 無視 ， 他 只 訴說 ， 人生 的 價值 與 保護 他人 的 意念 ， 這 個 理念 比 他 的 生命 與 變強 啥 的 ， 要 重要 太多 了 。 很 感人 ， 炎柱堪得 大哥 稱呼 ， 烈火 般 的 正義 灌爆 鬼滅 之 境 。 ,charlie,32,54,5
2020-12-18,11:43:17,生活 在 國外 ， 只 能 看 盜版 TT 。   與 戲院 氣氛 果然 不同 ， 沒 能 哭 ， 只 有 心痛 之 感 。 。 。   有些 片段 也 真的 會 持續 在 腦海 裡 徘徊 。   美國 疫情 拜託 趕快 好 點 呀 啊 TT ， 都 跟 同學 約好 一起 看 的 說 。 。 。 ,RustyRuss,10,25,5
2020-12-20,14:00:27,看完 動畫 才 去 看 的 ， 就 是 續集 的 感覺 ， 好 想 趕快 看到 炭治郎 變成 厲害 的 柱 ... ,讓我們繼續看下去 ♥,12,37,5
2020-12-24,17:12:15,喜歡 鬼滅 的 人 ， 去 看 就 對了 ； 不 知道 鬼滅 的 女生 ， 也 可以 去 看 ， 看完 會 愛上 。 ,hong,9,31,5
2020-12-26,17:07:27,沒 在 跟 你 543 ～ 爽 ～ 超級 爽 ， 麻煩 請 看過 26 集數 再 來 看 這 部 電影 ， 他 是 接續 前面 劇情 走 的 。 ,好奇,21,49,5
2020-12-29,15:05:54,"前 半 段 比較 鬆散 ,   中 後段 漫漫 精彩 ,   最後 那 場 打鬥 是 高潮 ",ASHLEY,21,8,3
2020-12-30,09:50:46,"去 電影院 看 了 那麼多 部 的 海賊王 劇場 版
 在 看 這 . . . 發現 鬼滅 的 動畫 水準 都 高海賊 很多 
 不管 打鬥 畫面 的 呈現 以及 各 方面 都 優於 海賊
 身為 海賊迷 的 我 ~ 真 希望 海賊 動畫組 可以 長進 點 ... ",楊小恩,19,44,5
2021-01-01,01:25:48,不 太 喜歡 ， 前 半 部 看完 覺得 有點 無言 ， 感覺 是 不用 動 腦 的 電影 ， 不過 身邊 的 小學生 好像 蠻 喜歡 的 ,beta,55,33,3
2021-01-01,07:14:40,有 溫馨 、 恐怖 、 感動 ～ 追完 動漫 再 看 會 更 懂 。 ,Lisa,34,13,4
2021-01-02,23:28:11,超級 超級 超級 超級 好看 ， 值得 推薦 ,女王,20,42,5
2021-01-05,02:42:05,一 部 作品 被 粉絲 搞臭 ， 原本 就 沒有 一 個 作品 可以 滿足 所有人 ， 為什麼 都 不能 接受 別人 批評 ？ ,王,50,30,1
2021-01-06,11:23:36,這 片 的 價值 就 只有 幫助 寒冬 的 電影院 補血 而已 … ,ANIMAX,36,13,2
2021-01-08,21:37:27,主角 的 內心 獨白 依舊 冗長到 讓 人 出戲 ， 唯一 的 優點 就 是 出招式 的 特效 ， 其餘 的 真 得 過於 矯情 . . . 我 中間 幾度 打呵欠 ， 但 還是 值得 一 看 ,Goyen,102,75,2
2021-01-13,14:18:45,"看完 炭自 郎立志篇 後 , 就 超級 迷鬼 滅 的 , 就 立馬 想來 看 電影版 , 同事 說 很 好 哭 , 其實 在 前面 我 就 很 想 哭 了 , 到 炎柱 那邊 我 真的 受不了 了 , 鬼滅 都 敘述 親情 居多 , 且 都 是 很 小 的 時後 要 背負 著 責任感 , 太 好看 了 , 推薦 喔 ",美婷,10,33,5
2021-01-15,01:53:44,! ! ! ! ! ! ! ! ! ! 真的 很 好看   雖然 炎柱 被 殺 了   但 漫畫 看到 最後   看到 炭志郎 和 水柱 一起 打上 玄三  就 很 感動   最後 上玄三 放棄 再 生死掉 了   而 繼 國原一 的 哥哥 ( 上玄一 ) 被 風柱   岩柱   霞柱   打敗 後 也 發現 炭志郎 會日 之 呼吸   真的 太 好看 了   雖然 最後 炭志郎 變成 鬼   但 還是 有 被 救回來   實在 是 很 棒 的 作品   以上 是 我 的 感想 ,John,13,60,5
2021-01-15,10:29:00,看 了 4DX 版本 ， 非常 過癮 ～ 電影 本身 也 很 好看 ,小狼狗,16,36,5
2021-01-17,01:25:06,我 就 跟 風仔 ， 畫面 跟 配樂 真的 很 棒 很 到位 ！ ,群烜,14,31,5
2021-01-17,19:43:50,覺得 還好 ， 沒有 到 很 好看 ， 至少 我 沒有 哭 的 感覺 ， 與 神 同行 第一 部 、 雞 不可 失 還 比較 很 好看 ,澤,44,47,3
2021-02-06,02:51:40,身為 大哥 的 粉絲   光 看 煉獄 的 鏡頭 真的 很 過癮 👍🏻 聲光 效果 、 搞笑 卻 又 能 ㄧ 句 話 令 人 感動 的 伊之助 、 日野 先生 的 聲線 都 是 個人 極 推 的 本 片 特色 🌸🎁 ,pink-alga,13,22,5
2021-02-06,18:11:45,令 人 感動 ， 比 想像 中 更 好看 ， 難怪 會 熱賣 ,kenken,13,22,5
2021-02-13,02:53:03,原本 不 知道 鬼 滅 之 刃 在 紅 什麼 ， 但是 看完 這 部 之後 真的 覺得 很 好看 、 很 熱血 、 很 感人 ， 看完 瞬間 被 炎柱 - 煉獄 杏壽郎 圈粉 。 在 短短 的 劇場版 中 ， 可以 完整 且 深刻 的 刻畫出 這麼 鮮明 的 角色 ， 實在 是 太 厲害 了 。 配樂 、 臺詞 也 很 棒 ， 好多 發人深省 的 句子 ， 尤其 片尾曲 是 量 身 訂作 的 ， 超級 好聽 ， 很多 人 都 是 哭 著 離開 電影院 的 。 人 的 生命 和 力量 雖然 渺小 ， 但是 我們 都 會 有 想要 守護 的 對象 。 ,阿誠,10,15,5
2021-02-13,10:51:55,"很 有 內容 跟 深沉 意涵
 大人 去 可以 看影 表達 的 意義 
 小孩 去 可以 看 特效 動畫 
 非常 棒
 本人 原來 對 動畫 沒 興趣 
 只是 看 大家 推 所以 才 去 看 
 看完 之後 覺得 很 棒
 認真 推薦 ",根,5,12,5
2021-02-21,18:29:58,今天 跟 孩子 去 看 了 ， 兩 人 都 哭紅眼 ！ 還好 有 帶 大 包 衛生紙 • • • • • ,想念的季節,6,7,5
2021-03-08,22:55:24,三 刷 是 看 中文 配音 ， 這 次 台灣 配音員 表現 超好 ！ ,凱莉,2,1,5
2021-03-13,11:44:30,"這 一 段 選擇 用 電影 呈現 真的 很 棒 。 雖然 只 出現 一下下 ， 但 炎柱 的 表現 讓 人 印象深 到 刻骨銘心 ， 鬼滅 完全 是 值得 去 看 一 次 的 作品 ， 有趣 的 題材 配上 傳統 的 王道 風格 ， 是 近期 比較 不 容易 看到 的 了 。
 雖然 覺得 是 不 到 神作 程度 ， 不過 通篇 都 充滿 著 溫柔 的 情緒 ， 還是 很 令 人 驚豔 的 。 
 期待 在 日後 的 劇情 中 更 了解 各位 角色 ， 據 朋友 說 炎柱 也 會 一直 以 回憶 出現 的 ( つ д⊂ ) ",TJ,4,1,5
2021-03-22,23:14:23,線上 影音 平台 到 現在 還 不 出 正版 是 怎樣 ？ ,小光,5,11,1
2021-04-15,20:36:27,表現 方式 很 精彩 ， 煉獄 大哥 沒有 輸 ,楊,5,2,5
